--
-- PostgreSQL database dump
--

-- Dumped from database version 16.3 (Debian 16.3-1.pgdg120+1)
-- Dumped by pg_dump version 17.0

SET statement_timeout = 0;
SET lock_timeout = 0;
SET idle_in_transaction_session_timeout = 0;
SET transaction_timeout = 0;
SET client_encoding = 'UTF8';
SET standard_conforming_strings = on;
SELECT pg_catalog.set_config('search_path', '', false);
SET check_function_bodies = false;
SET xmloption = content;
SET client_min_messages = warning;
SET row_security = off;

--
-- Name: public; Type: SCHEMA; Schema: -; Owner: admin
--

-- *not* creating schema, since initdb creates it


ALTER SCHEMA public OWNER TO admin;

--
-- Name: SCHEMA public; Type: COMMENT; Schema: -; Owner: admin
--

COMMENT ON SCHEMA public IS '';


SET default_tablespace = '';

SET default_table_access_method = heap;

--
-- Name: Exercise; Type: TABLE; Schema: public; Owner: admin
--

CREATE TABLE public."Exercise" (
    id text NOT NULL,
    name text NOT NULL,
    difficulty integer DEFAULT 0 NOT NULL,
    type text NOT NULL,
    target_muscle text NOT NULL,
    description text NOT NULL,
    image text NOT NULL,
    created_at timestamp(3) without time zone DEFAULT CURRENT_TIMESTAMP NOT NULL,
    updated_at timestamp(3) without time zone NOT NULL,
    variation text
);


ALTER TABLE public."Exercise" OWNER TO admin;

--
-- Name: Image; Type: TABLE; Schema: public; Owner: admin
--

CREATE TABLE public."Image" (
    id text NOT NULL,
    public_id text NOT NULL,
    asset_id text NOT NULL,
    url text NOT NULL,
    bytes integer NOT NULL,
    created_at timestamp(3) without time zone DEFAULT CURRENT_TIMESTAMP NOT NULL,
    updated_at timestamp(3) without time zone NOT NULL,
    format text NOT NULL
);


ALTER TABLE public."Image" OWNER TO admin;

--
-- Name: Train; Type: TABLE; Schema: public; Owner: admin
--

CREATE TABLE public."Train" (
    id text NOT NULL,
    name text NOT NULL,
    user_id text NOT NULL,
    created_at timestamp(3) without time zone DEFAULT CURRENT_TIMESTAMP NOT NULL,
    updated_at timestamp(3) without time zone NOT NULL,
    weekday integer NOT NULL
);


ALTER TABLE public."Train" OWNER TO admin;

--
-- Name: User; Type: TABLE; Schema: public; Owner: admin
--

CREATE TABLE public."User" (
    id text NOT NULL,
    name text NOT NULL,
    email text NOT NULL,
    provider_id text NOT NULL,
    active boolean DEFAULT true NOT NULL,
    picture_url text,
    created_at timestamp(3) without time zone DEFAULT CURRENT_TIMESTAMP NOT NULL,
    updated_at timestamp(3) without time zone NOT NULL
);


ALTER TABLE public."User" OWNER TO admin;

--
-- Name: _prisma_migrations; Type: TABLE; Schema: public; Owner: admin
--

CREATE TABLE public._prisma_migrations (
    id character varying(36) NOT NULL,
    checksum character varying(64) NOT NULL,
    finished_at timestamp with time zone,
    migration_name character varying(255) NOT NULL,
    logs text,
    rolled_back_at timestamp with time zone,
    started_at timestamp with time zone DEFAULT now() NOT NULL,
    applied_steps_count integer DEFAULT 0 NOT NULL
);


ALTER TABLE public._prisma_migrations OWNER TO admin;

--
-- Name: cardio_series; Type: TABLE; Schema: public; Owner: admin
--

CREATE TABLE public.cardio_series (
    id text NOT NULL,
    user_id text NOT NULL,
    exercise_id text NOT NULL,
    distance double precision NOT NULL,
    average_speed double precision NOT NULL,
    max_speed double precision NOT NULL,
    intensity integer DEFAULT 1 NOT NULL,
    duration integer DEFAULT 0 NOT NULL,
    created_at timestamp(3) without time zone DEFAULT CURRENT_TIMESTAMP NOT NULL,
    updated_at timestamp(3) without time zone NOT NULL
);


ALTER TABLE public.cardio_series OWNER TO admin;

--
-- Name: muscle_series; Type: TABLE; Schema: public; Owner: admin
--

CREATE TABLE public.muscle_series (
    id text NOT NULL,
    user_id text NOT NULL,
    type integer DEFAULT 1 NOT NULL,
    weight double precision NOT NULL,
    repetitions_count integer NOT NULL,
    exercise_id text NOT NULL,
    created_at timestamp(3) without time zone DEFAULT CURRENT_TIMESTAMP NOT NULL,
    updated_at timestamp(3) without time zone NOT NULL
);


ALTER TABLE public.muscle_series OWNER TO admin;

--
-- Name: train_histories; Type: TABLE; Schema: public; Owner: admin
--

CREATE TABLE public.train_histories (
    id text NOT NULL,
    user_id text NOT NULL,
    train_id text NOT NULL,
    duration integer NOT NULL,
    volume double precision NOT NULL,
    created_at timestamp(3) without time zone DEFAULT CURRENT_TIMESTAMP NOT NULL,
    updated_at timestamp(3) without time zone NOT NULL
);


ALTER TABLE public.train_histories OWNER TO admin;

--
-- Name: train_history_exercise; Type: TABLE; Schema: public; Owner: admin
--

CREATE TABLE public.train_history_exercise (
    id text NOT NULL,
    user_id text NOT NULL,
    exercise_id text NOT NULL,
    train_history_id text NOT NULL,
    pause_time integer NOT NULL,
    series_count integer NOT NULL,
    created_at timestamp(3) without time zone DEFAULT CURRENT_TIMESTAMP NOT NULL,
    updated_at timestamp(3) without time zone NOT NULL
);


ALTER TABLE public.train_history_exercise OWNER TO admin;

--
-- Name: train_history_exercise-series; Type: TABLE; Schema: public; Owner: admin
--

CREATE TABLE public."train_history_exercise-series" (
    id text NOT NULL,
    train_history_exercise_id text NOT NULL,
    user_id text NOT NULL,
    exercise_serie_id text NOT NULL,
    exercise_type text NOT NULL,
    created_at timestamp(3) without time zone DEFAULT CURRENT_TIMESTAMP NOT NULL,
    updated_at timestamp(3) without time zone NOT NULL
);


ALTER TABLE public."train_history_exercise-series" OWNER TO admin;

--
-- Data for Name: Exercise; Type: TABLE DATA; Schema: public; Owner: admin
--

COPY public."Exercise" (id, name, difficulty, type, target_muscle, description, image, created_at, updated_at, variation) FROM stdin;
b8157cab-5dad-409b-82e1-51ee67ba4ee9	Push-Up	2	Strength	Chest	A bodyweight exercise for upper body strength.	https://example.com/pushup.jpg	2024-10-04 16:19:23.269	2024-10-04 16:19:23.269	Inclined
7a015617-8763-4794-8665-e5a79cfb3de5	Squat	3	Strength	Legs	A lower body strength exercise targeting quadriceps and glutes.	https://example.com/squat.jpg	2024-10-04 16:19:23.269	2024-10-04 16:19:23.269	Back Squat
b166a178-cd80-4b64-870e-0165c624ce1c	Pull-Up	4	Strength	Back	An upper body exercise targeting the latissimus dorsi.	https://example.com/pullup.jpg	2024-10-04 16:19:23.269	2024-10-04 16:19:23.269	Wide Grip
5eef4dda-7ee6-4911-84d2-1dcbcd1ae068	Plank	1	Core	Abs	A core exercise that works the abdominals.	https://example.com/plank.jpg	2024-10-04 16:19:23.269	2024-10-04 16:19:23.269	\N
3b50f961-037f-48dd-92f3-92c63852b42d	Burpee	5	Cardio	Full Body	A high-intensity exercise that targets multiple muscle groups.	https://example.com/burpee.jpg	2024-10-04 16:19:23.269	2024-10-04 16:19:23.269	\N
\.


--
-- Data for Name: Image; Type: TABLE DATA; Schema: public; Owner: admin
--

COPY public."Image" (id, public_id, asset_id, url, bytes, created_at, updated_at, format) FROM stdin;
cf9b8bd6-b79b-42b1-946c-4006ebb2f8c1	afd04472-6326-46f5-ab82-03c5c4e772b3	151e10f6-581d-4ff0-95f6-680e9dd034a2	https://example.com/image1.jpg	123456	2024-10-04 16:19:23.296	2024-10-04 16:19:23.296	jpeg
46289bdf-e800-4341-a08c-3e1345859944	0d01a7c0-5352-46eb-95ff-56fa1df30243	2bafd034-cfa8-45cc-8fa9-c7b8f60636ec	https://example.com/image2.jpg	654321	2024-10-04 16:19:23.296	2024-10-04 16:19:23.296	png
\.


--
-- Data for Name: Train; Type: TABLE DATA; Schema: public; Owner: admin
--

COPY public."Train" (id, name, user_id, created_at, updated_at, weekday) FROM stdin;
2add237a-af60-4c56-a925-8ef2624c2fe1	Treino A - John Doe	8a8791db-dabe-4153-ad76-aaf221d45fa0	2024-10-04 16:19:23.295	2024-10-04 16:19:23.295	1
bafcbb7b-71ab-4b68-97d8-00a46655f695	Treino B - John Doe	8a8791db-dabe-4153-ad76-aaf221d45fa0	2024-10-04 16:19:23.295	2024-10-04 16:19:23.295	3
ad3b6bcc-edfc-4642-af66-96ce0ba63f18	Treino A - Jane Smith	b2a1fa12-2d08-4c42-8b22-bb1417ba7384	2024-10-04 16:19:23.295	2024-10-04 16:19:23.295	1
58878e2a-dd06-4865-92ff-f8ea466d55fb	Treino B - Jane Smith	b2a1fa12-2d08-4c42-8b22-bb1417ba7384	2024-10-04 16:19:23.295	2024-10-04 16:19:23.295	3
08b43539-cf30-4913-997e-a9f91a07ea48	Treino A - Alice Johnson	bd5487a1-88d1-4fcc-92c2-b1517e109ee2	2024-10-04 16:19:23.295	2024-10-04 16:19:23.295	1
9300b21c-2c9d-40c4-9873-772eff89683a	Treino B - Alice Johnson	bd5487a1-88d1-4fcc-92c2-b1517e109ee2	2024-10-04 16:19:23.295	2024-10-04 16:19:23.295	3
20635f12-6380-448d-8a93-5a2c2434d0cd	Treino A - Bob Brown	28ec41fc-442a-4488-8665-d34c27411f03	2024-10-04 16:19:23.295	2024-10-04 16:19:23.295	1
ec9c8032-2af4-4ac5-972e-24fc3549a9d3	Treino B - Bob Brown	28ec41fc-442a-4488-8665-d34c27411f03	2024-10-04 16:19:23.295	2024-10-04 16:19:23.295	3
b747157f-de63-4af7-a8b5-307bcb34435e	Treino A - Charlie Davis	b5569827-070f-4c4c-b6bf-1fbf8ad95bd4	2024-10-04 16:19:23.295	2024-10-04 16:19:23.295	1
ca8b2a84-fd08-45ff-a2b0-69f0909f1271	Treino B - Charlie Davis	b5569827-070f-4c4c-b6bf-1fbf8ad95bd4	2024-10-04 16:19:23.295	2024-10-04 16:19:23.295	3
\.


--
-- Data for Name: User; Type: TABLE DATA; Schema: public; Owner: admin
--

COPY public."User" (id, name, email, provider_id, active, picture_url, created_at, updated_at) FROM stdin;
8a8791db-dabe-4153-ad76-aaf221d45fa0	John Doe	john.doe@example.com	provider1	t	https://example.com/john.jpg	2024-10-04 16:19:23.269	2024-10-04 16:19:23.269
b2a1fa12-2d08-4c42-8b22-bb1417ba7384	Jane Smith	jane.smith@example.com	provider2	t	https://example.com/jane.jpg	2024-10-04 16:19:23.269	2024-10-04 16:19:23.269
bd5487a1-88d1-4fcc-92c2-b1517e109ee2	Alice Johnson	alice.johnson@example.com	provider3	t	https://example.com/alice.jpg	2024-10-04 16:19:23.269	2024-10-04 16:19:23.269
28ec41fc-442a-4488-8665-d34c27411f03	Bob Brown	bob.brown@example.com	provider4	t	https://example.com/bob.jpg	2024-10-04 16:19:23.269	2024-10-04 16:19:23.269
b5569827-070f-4c4c-b6bf-1fbf8ad95bd4	Charlie Davis	charlie.davis@example.com	provider5	t	https://example.com/charlie.jpg	2024-10-04 16:19:23.269	2024-10-04 16:19:23.269
\.


--
-- Data for Name: _prisma_migrations; Type: TABLE DATA; Schema: public; Owner: admin
--

COPY public._prisma_migrations (id, checksum, finished_at, migration_name, logs, rolled_back_at, started_at, applied_steps_count) FROM stdin;
81f2215b-f70b-421b-bca2-da7b58f28cd6	ac626d33d0dd03e95b18f19500d871300bc88317889e7974dbda08d7f5ce3969	2024-10-04 16:19:16.298684+00	20240816183842_rollback	\N	\N	2024-10-04 16:19:16.254467+00	1
755a8bf4-2010-4683-bfc4-d067d0a38d66	e20cdba22fd6c65a79be616546df0528d65fd7c8be09424c4b6a2d7d29c19cfc	2024-10-04 16:19:16.312469+00	20240823175004_train_history	\N	\N	2024-10-04 16:19:16.3007+00	1
98cf263b-b1e3-4d0e-bbd3-239de8fd640c	f9a56bcdd1f99f0dab8ea4fdfa8eff9c5e375ca5dfaab49bb714830f51d6cdb3	2024-10-04 16:19:16.326957+00	20240830161531_train_history_exercise	\N	\N	2024-10-04 16:19:16.314666+00	1
073b8705-f290-4999-ae72-9fefd14de7ab	43b1f12b747b8bdef4f2dcdbe5e8b351f97bc85fa120233d8b18b2475a4a772f	2024-10-04 16:19:16.348383+00	20240913192133_train_history_exercise_serie	\N	\N	2024-10-04 16:19:16.329397+00	1
9b5fcb42-ae07-4f0f-9587-3fb348c37df8	d6457954c95205062b871a64077c5b9ceb2ae18ac2e29d6c723c31ed0f44df18	2024-10-04 16:19:16.373185+00	20241004153205_train_history	\N	\N	2024-10-04 16:19:16.350759+00	1
\.


--
-- Data for Name: cardio_series; Type: TABLE DATA; Schema: public; Owner: admin
--

COPY public.cardio_series (id, user_id, exercise_id, distance, average_speed, max_speed, intensity, duration, created_at, updated_at) FROM stdin;
4e7e8928-2595-4bac-8091-8bb0ff22a896	8a8791db-dabe-4153-ad76-aaf221d45fa0	b8157cab-5dad-409b-82e1-51ee67ba4ee9	5	10	15	1	30	2024-10-04 16:19:23.301	2024-10-04 16:19:23.301
65e5241b-fd33-42f2-acfe-f94fdae04d76	8a8791db-dabe-4153-ad76-aaf221d45fa0	7a015617-8763-4794-8665-e5a79cfb3de5	5	10	15	1	30	2024-10-04 16:19:23.301	2024-10-04 16:19:23.301
3bcf53df-9b53-4084-8ae3-777843a4d508	8a8791db-dabe-4153-ad76-aaf221d45fa0	b166a178-cd80-4b64-870e-0165c624ce1c	5	10	15	1	30	2024-10-04 16:19:23.301	2024-10-04 16:19:23.301
d128b225-ca33-4907-87df-72ce2405e6cc	8a8791db-dabe-4153-ad76-aaf221d45fa0	5eef4dda-7ee6-4911-84d2-1dcbcd1ae068	5	10	15	1	30	2024-10-04 16:19:23.301	2024-10-04 16:19:23.301
6e0e6597-ee55-4906-8258-17cd082d1804	8a8791db-dabe-4153-ad76-aaf221d45fa0	3b50f961-037f-48dd-92f3-92c63852b42d	5	10	15	1	30	2024-10-04 16:19:23.301	2024-10-04 16:19:23.301
34ef847b-259b-481c-96d2-826af18e49a6	b2a1fa12-2d08-4c42-8b22-bb1417ba7384	b8157cab-5dad-409b-82e1-51ee67ba4ee9	5	10	15	1	30	2024-10-04 16:19:23.301	2024-10-04 16:19:23.301
ef488a8a-598c-4337-ab1e-44aea2a517b6	b2a1fa12-2d08-4c42-8b22-bb1417ba7384	7a015617-8763-4794-8665-e5a79cfb3de5	5	10	15	1	30	2024-10-04 16:19:23.301	2024-10-04 16:19:23.301
409468e4-3914-448d-9304-c12546910d76	b2a1fa12-2d08-4c42-8b22-bb1417ba7384	b166a178-cd80-4b64-870e-0165c624ce1c	5	10	15	1	30	2024-10-04 16:19:23.301	2024-10-04 16:19:23.301
af4c89dc-de56-4b27-bf51-4000695ccb90	b2a1fa12-2d08-4c42-8b22-bb1417ba7384	5eef4dda-7ee6-4911-84d2-1dcbcd1ae068	5	10	15	1	30	2024-10-04 16:19:23.301	2024-10-04 16:19:23.301
dd844d20-9e9a-4f29-b543-d9f5bc1698d7	b2a1fa12-2d08-4c42-8b22-bb1417ba7384	3b50f961-037f-48dd-92f3-92c63852b42d	5	10	15	1	30	2024-10-04 16:19:23.301	2024-10-04 16:19:23.301
e304c139-d2c6-4def-a019-ffae6d886204	bd5487a1-88d1-4fcc-92c2-b1517e109ee2	b8157cab-5dad-409b-82e1-51ee67ba4ee9	5	10	15	1	30	2024-10-04 16:19:23.301	2024-10-04 16:19:23.301
e2389f5b-0752-41f4-a8f0-dc830a172ef4	bd5487a1-88d1-4fcc-92c2-b1517e109ee2	7a015617-8763-4794-8665-e5a79cfb3de5	5	10	15	1	30	2024-10-04 16:19:23.301	2024-10-04 16:19:23.301
8198faa3-68ed-4c12-bbb3-c9d6b32e9731	bd5487a1-88d1-4fcc-92c2-b1517e109ee2	b166a178-cd80-4b64-870e-0165c624ce1c	5	10	15	1	30	2024-10-04 16:19:23.301	2024-10-04 16:19:23.301
ed98d7b3-0823-40a9-8d6d-15a82f601d33	bd5487a1-88d1-4fcc-92c2-b1517e109ee2	5eef4dda-7ee6-4911-84d2-1dcbcd1ae068	5	10	15	1	30	2024-10-04 16:19:23.301	2024-10-04 16:19:23.301
5217e835-c300-42c9-8e4b-d26b628769ac	bd5487a1-88d1-4fcc-92c2-b1517e109ee2	3b50f961-037f-48dd-92f3-92c63852b42d	5	10	15	1	30	2024-10-04 16:19:23.301	2024-10-04 16:19:23.301
6793423d-925a-411d-afd1-fb6d535003f7	28ec41fc-442a-4488-8665-d34c27411f03	b8157cab-5dad-409b-82e1-51ee67ba4ee9	5	10	15	1	30	2024-10-04 16:19:23.301	2024-10-04 16:19:23.301
1a6f8d81-ad3d-42b1-a609-2440d20bf400	28ec41fc-442a-4488-8665-d34c27411f03	7a015617-8763-4794-8665-e5a79cfb3de5	5	10	15	1	30	2024-10-04 16:19:23.301	2024-10-04 16:19:23.301
2dd562a3-45a9-4547-a17a-50f5dedcb818	28ec41fc-442a-4488-8665-d34c27411f03	b166a178-cd80-4b64-870e-0165c624ce1c	5	10	15	1	30	2024-10-04 16:19:23.301	2024-10-04 16:19:23.301
80ed1e31-4f9b-4e18-8484-d63819a80294	28ec41fc-442a-4488-8665-d34c27411f03	5eef4dda-7ee6-4911-84d2-1dcbcd1ae068	5	10	15	1	30	2024-10-04 16:19:23.301	2024-10-04 16:19:23.301
76832120-c60e-46ee-b8be-735ac780b291	28ec41fc-442a-4488-8665-d34c27411f03	3b50f961-037f-48dd-92f3-92c63852b42d	5	10	15	1	30	2024-10-04 16:19:23.301	2024-10-04 16:19:23.301
4bb0dbba-7c01-4913-a9ef-fa3a04f513f9	b5569827-070f-4c4c-b6bf-1fbf8ad95bd4	b8157cab-5dad-409b-82e1-51ee67ba4ee9	5	10	15	1	30	2024-10-04 16:19:23.301	2024-10-04 16:19:23.301
1ae8bdca-c273-486a-a74a-5476269612dd	b5569827-070f-4c4c-b6bf-1fbf8ad95bd4	7a015617-8763-4794-8665-e5a79cfb3de5	5	10	15	1	30	2024-10-04 16:19:23.301	2024-10-04 16:19:23.301
07d0ee14-42dd-4cda-af44-3fbf7559fb52	b5569827-070f-4c4c-b6bf-1fbf8ad95bd4	b166a178-cd80-4b64-870e-0165c624ce1c	5	10	15	1	30	2024-10-04 16:19:23.301	2024-10-04 16:19:23.301
94eefd94-3b15-4fbd-9308-1167136eafdf	b5569827-070f-4c4c-b6bf-1fbf8ad95bd4	5eef4dda-7ee6-4911-84d2-1dcbcd1ae068	5	10	15	1	30	2024-10-04 16:19:23.301	2024-10-04 16:19:23.301
768c20c2-aac6-4de4-b8e1-21ce4eb53f83	b5569827-070f-4c4c-b6bf-1fbf8ad95bd4	3b50f961-037f-48dd-92f3-92c63852b42d	5	10	15	1	30	2024-10-04 16:19:23.301	2024-10-04 16:19:23.301
\.


--
-- Data for Name: muscle_series; Type: TABLE DATA; Schema: public; Owner: admin
--

COPY public.muscle_series (id, user_id, type, weight, repetitions_count, exercise_id, created_at, updated_at) FROM stdin;
cd72e93d-dc26-40fa-ad71-029fa16cf184	8a8791db-dabe-4153-ad76-aaf221d45fa0	1	50	10	b8157cab-5dad-409b-82e1-51ee67ba4ee9	2024-10-04 16:19:23.301	2024-10-04 16:19:23.301
b4ae156c-d0c3-4e5b-8ba2-42a467e74b78	8a8791db-dabe-4153-ad76-aaf221d45fa0	1	50	10	7a015617-8763-4794-8665-e5a79cfb3de5	2024-10-04 16:19:23.301	2024-10-04 16:19:23.301
790ff014-5b64-447a-be47-f703d271c8c1	8a8791db-dabe-4153-ad76-aaf221d45fa0	1	50	10	b166a178-cd80-4b64-870e-0165c624ce1c	2024-10-04 16:19:23.301	2024-10-04 16:19:23.301
2fc2273e-3b40-4bbd-8643-5e1e276632a9	8a8791db-dabe-4153-ad76-aaf221d45fa0	1	50	10	5eef4dda-7ee6-4911-84d2-1dcbcd1ae068	2024-10-04 16:19:23.301	2024-10-04 16:19:23.301
03069bd4-fed4-4baa-b956-57f06d9eb2e4	8a8791db-dabe-4153-ad76-aaf221d45fa0	1	50	10	3b50f961-037f-48dd-92f3-92c63852b42d	2024-10-04 16:19:23.301	2024-10-04 16:19:23.301
975c6fa1-988e-418e-9f6c-72ea5a917db3	b2a1fa12-2d08-4c42-8b22-bb1417ba7384	1	50	10	b8157cab-5dad-409b-82e1-51ee67ba4ee9	2024-10-04 16:19:23.301	2024-10-04 16:19:23.301
d7be6a1e-d979-4b01-a13e-8e75c74a4a35	b2a1fa12-2d08-4c42-8b22-bb1417ba7384	1	50	10	7a015617-8763-4794-8665-e5a79cfb3de5	2024-10-04 16:19:23.301	2024-10-04 16:19:23.301
b70becd2-c3f3-402f-99ef-529dd97d77d5	b2a1fa12-2d08-4c42-8b22-bb1417ba7384	1	50	10	b166a178-cd80-4b64-870e-0165c624ce1c	2024-10-04 16:19:23.301	2024-10-04 16:19:23.301
cae69192-aa8a-467d-bd46-2548a9834b1d	b2a1fa12-2d08-4c42-8b22-bb1417ba7384	1	50	10	5eef4dda-7ee6-4911-84d2-1dcbcd1ae068	2024-10-04 16:19:23.301	2024-10-04 16:19:23.301
a848086a-a3b9-41a8-a6a9-9c250eee2238	b2a1fa12-2d08-4c42-8b22-bb1417ba7384	1	50	10	3b50f961-037f-48dd-92f3-92c63852b42d	2024-10-04 16:19:23.301	2024-10-04 16:19:23.301
9712fec2-1fbe-47e4-85a3-024dc34da65a	bd5487a1-88d1-4fcc-92c2-b1517e109ee2	1	50	10	b8157cab-5dad-409b-82e1-51ee67ba4ee9	2024-10-04 16:19:23.301	2024-10-04 16:19:23.301
84f7486b-4714-46f5-bf3b-ada152062b08	bd5487a1-88d1-4fcc-92c2-b1517e109ee2	1	50	10	7a015617-8763-4794-8665-e5a79cfb3de5	2024-10-04 16:19:23.301	2024-10-04 16:19:23.301
a8424c04-3581-44da-a36a-9f7b331bfc74	bd5487a1-88d1-4fcc-92c2-b1517e109ee2	1	50	10	b166a178-cd80-4b64-870e-0165c624ce1c	2024-10-04 16:19:23.301	2024-10-04 16:19:23.301
fb58647d-334d-4c50-b43a-c53bcbfd4d33	bd5487a1-88d1-4fcc-92c2-b1517e109ee2	1	50	10	5eef4dda-7ee6-4911-84d2-1dcbcd1ae068	2024-10-04 16:19:23.301	2024-10-04 16:19:23.301
3a9af61c-ca72-494d-aed9-5ee14859bf3e	bd5487a1-88d1-4fcc-92c2-b1517e109ee2	1	50	10	3b50f961-037f-48dd-92f3-92c63852b42d	2024-10-04 16:19:23.301	2024-10-04 16:19:23.301
d645e110-781d-433e-85eb-1e430b575b93	28ec41fc-442a-4488-8665-d34c27411f03	1	50	10	b8157cab-5dad-409b-82e1-51ee67ba4ee9	2024-10-04 16:19:23.301	2024-10-04 16:19:23.301
1732ed01-7bdf-4826-8dd6-56843a9298c5	28ec41fc-442a-4488-8665-d34c27411f03	1	50	10	7a015617-8763-4794-8665-e5a79cfb3de5	2024-10-04 16:19:23.301	2024-10-04 16:19:23.301
9e073222-dbee-4f72-a324-206f0d60f1a1	28ec41fc-442a-4488-8665-d34c27411f03	1	50	10	b166a178-cd80-4b64-870e-0165c624ce1c	2024-10-04 16:19:23.301	2024-10-04 16:19:23.301
87ca140b-4794-43f1-8357-9a42290b5848	28ec41fc-442a-4488-8665-d34c27411f03	1	50	10	5eef4dda-7ee6-4911-84d2-1dcbcd1ae068	2024-10-04 16:19:23.301	2024-10-04 16:19:23.301
ec24bd03-21e3-42e5-85c0-82099b523dfc	28ec41fc-442a-4488-8665-d34c27411f03	1	50	10	3b50f961-037f-48dd-92f3-92c63852b42d	2024-10-04 16:19:23.301	2024-10-04 16:19:23.301
b04842ca-849b-415c-a1e3-f78b8d2d4f93	b5569827-070f-4c4c-b6bf-1fbf8ad95bd4	1	50	10	b8157cab-5dad-409b-82e1-51ee67ba4ee9	2024-10-04 16:19:23.301	2024-10-04 16:19:23.301
b8e1d820-c863-4dce-ab49-45845997a390	b5569827-070f-4c4c-b6bf-1fbf8ad95bd4	1	50	10	7a015617-8763-4794-8665-e5a79cfb3de5	2024-10-04 16:19:23.301	2024-10-04 16:19:23.301
0937a0e2-56bd-4280-8013-1cbf7f598f75	b5569827-070f-4c4c-b6bf-1fbf8ad95bd4	1	50	10	b166a178-cd80-4b64-870e-0165c624ce1c	2024-10-04 16:19:23.301	2024-10-04 16:19:23.301
aedc7689-2361-48e1-8052-e4651bf54a1d	b5569827-070f-4c4c-b6bf-1fbf8ad95bd4	1	50	10	5eef4dda-7ee6-4911-84d2-1dcbcd1ae068	2024-10-04 16:19:23.301	2024-10-04 16:19:23.301
084f8ec0-f310-4268-93f6-8371717cc38a	b5569827-070f-4c4c-b6bf-1fbf8ad95bd4	1	50	10	3b50f961-037f-48dd-92f3-92c63852b42d	2024-10-04 16:19:23.301	2024-10-04 16:19:23.301
\.


--
-- Data for Name: train_histories; Type: TABLE DATA; Schema: public; Owner: admin
--

COPY public.train_histories (id, user_id, train_id, duration, volume, created_at, updated_at) FROM stdin;
09255816-e91d-4c97-a9a0-4a5c00484906	8a8791db-dabe-4153-ad76-aaf221d45fa0	2add237a-af60-4c56-a925-8ef2624c2fe1	30	150	2024-10-04 16:19:23.3	2024-10-04 16:19:23.3
9141659f-6f88-49ac-b676-ce4daab61697	8a8791db-dabe-4153-ad76-aaf221d45fa0	2add237a-af60-4c56-a925-8ef2624c2fe1	45	200	2024-10-04 16:19:23.3	2024-10-04 16:19:23.3
ae43ed5c-5335-4526-a63b-cbe62ccd9d22	8a8791db-dabe-4153-ad76-aaf221d45fa0	bafcbb7b-71ab-4b68-97d8-00a46655f695	30	150	2024-10-04 16:19:23.3	2024-10-04 16:19:23.3
7b66d5b2-b201-4298-a632-01236163a344	8a8791db-dabe-4153-ad76-aaf221d45fa0	bafcbb7b-71ab-4b68-97d8-00a46655f695	45	200	2024-10-04 16:19:23.3	2024-10-04 16:19:23.3
baf28813-32de-4785-a3fa-7f73a7002bba	b2a1fa12-2d08-4c42-8b22-bb1417ba7384	ad3b6bcc-edfc-4642-af66-96ce0ba63f18	30	150	2024-10-04 16:19:23.3	2024-10-04 16:19:23.3
e4939b45-40c7-44cc-ad6a-a50fa7a955e6	b2a1fa12-2d08-4c42-8b22-bb1417ba7384	ad3b6bcc-edfc-4642-af66-96ce0ba63f18	45	200	2024-10-04 16:19:23.3	2024-10-04 16:19:23.3
3efc8e53-5681-4931-a050-151c55385329	b2a1fa12-2d08-4c42-8b22-bb1417ba7384	58878e2a-dd06-4865-92ff-f8ea466d55fb	30	150	2024-10-04 16:19:23.3	2024-10-04 16:19:23.3
5ea4e6ee-fea7-4d4f-8783-9f6eb480b8bc	b2a1fa12-2d08-4c42-8b22-bb1417ba7384	58878e2a-dd06-4865-92ff-f8ea466d55fb	45	200	2024-10-04 16:19:23.3	2024-10-04 16:19:23.3
fc425912-bda2-4de8-b868-620342c2ef13	bd5487a1-88d1-4fcc-92c2-b1517e109ee2	08b43539-cf30-4913-997e-a9f91a07ea48	30	150	2024-10-04 16:19:23.3	2024-10-04 16:19:23.3
c0c1b2e9-904f-445f-9608-a1e0686fc906	bd5487a1-88d1-4fcc-92c2-b1517e109ee2	08b43539-cf30-4913-997e-a9f91a07ea48	45	200	2024-10-04 16:19:23.3	2024-10-04 16:19:23.3
b4e3221b-5b89-43ad-8463-3ec530478783	bd5487a1-88d1-4fcc-92c2-b1517e109ee2	9300b21c-2c9d-40c4-9873-772eff89683a	30	150	2024-10-04 16:19:23.3	2024-10-04 16:19:23.3
a1019ce6-c83b-4c20-9ad2-0bd6e2309d51	bd5487a1-88d1-4fcc-92c2-b1517e109ee2	9300b21c-2c9d-40c4-9873-772eff89683a	45	200	2024-10-04 16:19:23.3	2024-10-04 16:19:23.3
a4874b0b-10c2-42fc-befa-ba5e0a508525	28ec41fc-442a-4488-8665-d34c27411f03	20635f12-6380-448d-8a93-5a2c2434d0cd	30	150	2024-10-04 16:19:23.3	2024-10-04 16:19:23.3
642081d7-4939-48d3-9ca9-2a231a914e94	28ec41fc-442a-4488-8665-d34c27411f03	20635f12-6380-448d-8a93-5a2c2434d0cd	45	200	2024-10-04 16:19:23.3	2024-10-04 16:19:23.3
4dd0bd65-3a1f-4567-8dfd-e3318bf60c8c	28ec41fc-442a-4488-8665-d34c27411f03	ec9c8032-2af4-4ac5-972e-24fc3549a9d3	30	150	2024-10-04 16:19:23.3	2024-10-04 16:19:23.3
079b6a6f-a1b4-4ccf-b36d-beb68c9830ce	28ec41fc-442a-4488-8665-d34c27411f03	ec9c8032-2af4-4ac5-972e-24fc3549a9d3	45	200	2024-10-04 16:19:23.3	2024-10-04 16:19:23.3
cf725cb7-085d-4636-adb4-a687d3a9a576	b5569827-070f-4c4c-b6bf-1fbf8ad95bd4	b747157f-de63-4af7-a8b5-307bcb34435e	30	150	2024-10-04 16:19:23.3	2024-10-04 16:19:23.3
ec5b5d4b-40b9-4489-a800-5e31bf329b69	b5569827-070f-4c4c-b6bf-1fbf8ad95bd4	b747157f-de63-4af7-a8b5-307bcb34435e	45	200	2024-10-04 16:19:23.3	2024-10-04 16:19:23.3
bff4e367-6faf-4e06-be02-ab9b60d7fb59	b5569827-070f-4c4c-b6bf-1fbf8ad95bd4	ca8b2a84-fd08-45ff-a2b0-69f0909f1271	30	150	2024-10-04 16:19:23.3	2024-10-04 16:19:23.3
1282e0d3-bfae-4822-b4bd-0ac0077a40c3	b5569827-070f-4c4c-b6bf-1fbf8ad95bd4	ca8b2a84-fd08-45ff-a2b0-69f0909f1271	45	200	2024-10-04 16:19:23.3	2024-10-04 16:19:23.3
\.


--
-- Data for Name: train_history_exercise; Type: TABLE DATA; Schema: public; Owner: admin
--

COPY public.train_history_exercise (id, user_id, exercise_id, train_history_id, pause_time, series_count, created_at, updated_at) FROM stdin;
cac65aac-bbce-4ba1-8b00-02e3362b4ed9	8a8791db-dabe-4153-ad76-aaf221d45fa0	b8157cab-5dad-409b-82e1-51ee67ba4ee9	09255816-e91d-4c97-a9a0-4a5c00484906	60	3	2024-10-04 16:19:23.328	2024-10-04 16:19:23.328
e3c0ed61-4dad-4442-920f-168c91eb0bf4	8a8791db-dabe-4153-ad76-aaf221d45fa0	7a015617-8763-4794-8665-e5a79cfb3de5	09255816-e91d-4c97-a9a0-4a5c00484906	60	3	2024-10-04 16:19:23.328	2024-10-04 16:19:23.328
34fac7db-6668-48fe-9676-548075ce5e76	8a8791db-dabe-4153-ad76-aaf221d45fa0	b166a178-cd80-4b64-870e-0165c624ce1c	09255816-e91d-4c97-a9a0-4a5c00484906	60	3	2024-10-04 16:19:23.328	2024-10-04 16:19:23.328
fbf419f5-c4c7-4c94-bd6a-9522bd90eaed	8a8791db-dabe-4153-ad76-aaf221d45fa0	5eef4dda-7ee6-4911-84d2-1dcbcd1ae068	09255816-e91d-4c97-a9a0-4a5c00484906	60	3	2024-10-04 16:19:23.328	2024-10-04 16:19:23.328
b855b9bc-f2b4-456d-9baf-0cf200691d68	8a8791db-dabe-4153-ad76-aaf221d45fa0	3b50f961-037f-48dd-92f3-92c63852b42d	09255816-e91d-4c97-a9a0-4a5c00484906	60	3	2024-10-04 16:19:23.328	2024-10-04 16:19:23.328
9792bdc6-c24c-4c41-ad1a-8adf85654e04	8a8791db-dabe-4153-ad76-aaf221d45fa0	b8157cab-5dad-409b-82e1-51ee67ba4ee9	9141659f-6f88-49ac-b676-ce4daab61697	60	3	2024-10-04 16:19:23.328	2024-10-04 16:19:23.328
a15a0319-1e4d-4344-bd7c-70676dcf9c1a	8a8791db-dabe-4153-ad76-aaf221d45fa0	7a015617-8763-4794-8665-e5a79cfb3de5	9141659f-6f88-49ac-b676-ce4daab61697	60	3	2024-10-04 16:19:23.328	2024-10-04 16:19:23.328
19755abb-1a09-45f9-8ba5-120ea8f255f4	8a8791db-dabe-4153-ad76-aaf221d45fa0	b166a178-cd80-4b64-870e-0165c624ce1c	9141659f-6f88-49ac-b676-ce4daab61697	60	3	2024-10-04 16:19:23.328	2024-10-04 16:19:23.328
c2a76ffc-60da-4e9b-a574-4634204e6a29	8a8791db-dabe-4153-ad76-aaf221d45fa0	5eef4dda-7ee6-4911-84d2-1dcbcd1ae068	9141659f-6f88-49ac-b676-ce4daab61697	60	3	2024-10-04 16:19:23.328	2024-10-04 16:19:23.328
b863a615-7f4c-4758-9631-c45c7226b0e6	8a8791db-dabe-4153-ad76-aaf221d45fa0	3b50f961-037f-48dd-92f3-92c63852b42d	9141659f-6f88-49ac-b676-ce4daab61697	60	3	2024-10-04 16:19:23.328	2024-10-04 16:19:23.328
350db4d4-79a7-4ede-9ce0-92ff20ab6584	8a8791db-dabe-4153-ad76-aaf221d45fa0	b8157cab-5dad-409b-82e1-51ee67ba4ee9	ae43ed5c-5335-4526-a63b-cbe62ccd9d22	60	3	2024-10-04 16:19:23.328	2024-10-04 16:19:23.328
cd155551-1a1e-4e58-be02-2fb0a4603710	8a8791db-dabe-4153-ad76-aaf221d45fa0	7a015617-8763-4794-8665-e5a79cfb3de5	ae43ed5c-5335-4526-a63b-cbe62ccd9d22	60	3	2024-10-04 16:19:23.328	2024-10-04 16:19:23.328
6b7a28f3-caae-4291-b52a-c4e7bdc9db50	8a8791db-dabe-4153-ad76-aaf221d45fa0	b166a178-cd80-4b64-870e-0165c624ce1c	ae43ed5c-5335-4526-a63b-cbe62ccd9d22	60	3	2024-10-04 16:19:23.328	2024-10-04 16:19:23.328
ede88504-10bd-438d-a537-306c310b2d12	8a8791db-dabe-4153-ad76-aaf221d45fa0	5eef4dda-7ee6-4911-84d2-1dcbcd1ae068	ae43ed5c-5335-4526-a63b-cbe62ccd9d22	60	3	2024-10-04 16:19:23.328	2024-10-04 16:19:23.328
77ced53f-66b3-4438-8c57-ec81fa3416cf	8a8791db-dabe-4153-ad76-aaf221d45fa0	3b50f961-037f-48dd-92f3-92c63852b42d	ae43ed5c-5335-4526-a63b-cbe62ccd9d22	60	3	2024-10-04 16:19:23.328	2024-10-04 16:19:23.328
1bf22ef5-9459-4d80-ac40-7ad033b690f8	8a8791db-dabe-4153-ad76-aaf221d45fa0	b8157cab-5dad-409b-82e1-51ee67ba4ee9	7b66d5b2-b201-4298-a632-01236163a344	60	3	2024-10-04 16:19:23.328	2024-10-04 16:19:23.328
132cee1a-3e1c-42d8-8023-af5a61a6abc3	8a8791db-dabe-4153-ad76-aaf221d45fa0	7a015617-8763-4794-8665-e5a79cfb3de5	7b66d5b2-b201-4298-a632-01236163a344	60	3	2024-10-04 16:19:23.328	2024-10-04 16:19:23.328
c903cd1d-fb09-448a-bd6f-7abad1eeee05	8a8791db-dabe-4153-ad76-aaf221d45fa0	b166a178-cd80-4b64-870e-0165c624ce1c	7b66d5b2-b201-4298-a632-01236163a344	60	3	2024-10-04 16:19:23.328	2024-10-04 16:19:23.328
8337f6f1-d47e-4bcf-b5bf-56d2e63886eb	8a8791db-dabe-4153-ad76-aaf221d45fa0	5eef4dda-7ee6-4911-84d2-1dcbcd1ae068	7b66d5b2-b201-4298-a632-01236163a344	60	3	2024-10-04 16:19:23.328	2024-10-04 16:19:23.328
a2b6dade-3f5a-4fe8-bf6a-b518bb9765d0	8a8791db-dabe-4153-ad76-aaf221d45fa0	3b50f961-037f-48dd-92f3-92c63852b42d	7b66d5b2-b201-4298-a632-01236163a344	60	3	2024-10-04 16:19:23.328	2024-10-04 16:19:23.328
d52740f5-043f-4504-97a5-8c2d269b8b54	8a8791db-dabe-4153-ad76-aaf221d45fa0	b8157cab-5dad-409b-82e1-51ee67ba4ee9	baf28813-32de-4785-a3fa-7f73a7002bba	60	3	2024-10-04 16:19:23.328	2024-10-04 16:19:23.328
930998b4-ee4f-4945-a7ab-294728bcfe03	8a8791db-dabe-4153-ad76-aaf221d45fa0	7a015617-8763-4794-8665-e5a79cfb3de5	baf28813-32de-4785-a3fa-7f73a7002bba	60	3	2024-10-04 16:19:23.328	2024-10-04 16:19:23.328
5b4bce7f-e4a1-44a2-9850-446a8c746bba	8a8791db-dabe-4153-ad76-aaf221d45fa0	b166a178-cd80-4b64-870e-0165c624ce1c	baf28813-32de-4785-a3fa-7f73a7002bba	60	3	2024-10-04 16:19:23.328	2024-10-04 16:19:23.328
cd6ddf39-7195-4939-a991-4c2f546a6667	8a8791db-dabe-4153-ad76-aaf221d45fa0	5eef4dda-7ee6-4911-84d2-1dcbcd1ae068	baf28813-32de-4785-a3fa-7f73a7002bba	60	3	2024-10-04 16:19:23.328	2024-10-04 16:19:23.328
940495fa-28de-4e6c-ad0b-41a0212725fc	8a8791db-dabe-4153-ad76-aaf221d45fa0	3b50f961-037f-48dd-92f3-92c63852b42d	baf28813-32de-4785-a3fa-7f73a7002bba	60	3	2024-10-04 16:19:23.328	2024-10-04 16:19:23.328
0202af17-24a9-4007-a923-317344a12b8d	8a8791db-dabe-4153-ad76-aaf221d45fa0	b8157cab-5dad-409b-82e1-51ee67ba4ee9	e4939b45-40c7-44cc-ad6a-a50fa7a955e6	60	3	2024-10-04 16:19:23.328	2024-10-04 16:19:23.328
7f152ba5-457a-4cea-8888-3c23326231e0	8a8791db-dabe-4153-ad76-aaf221d45fa0	7a015617-8763-4794-8665-e5a79cfb3de5	e4939b45-40c7-44cc-ad6a-a50fa7a955e6	60	3	2024-10-04 16:19:23.328	2024-10-04 16:19:23.328
fc2b8f53-8f9d-4ae0-8702-c55207378672	8a8791db-dabe-4153-ad76-aaf221d45fa0	b166a178-cd80-4b64-870e-0165c624ce1c	e4939b45-40c7-44cc-ad6a-a50fa7a955e6	60	3	2024-10-04 16:19:23.328	2024-10-04 16:19:23.328
dc9d1f05-c803-457b-bc33-41aeff2c5cef	8a8791db-dabe-4153-ad76-aaf221d45fa0	5eef4dda-7ee6-4911-84d2-1dcbcd1ae068	e4939b45-40c7-44cc-ad6a-a50fa7a955e6	60	3	2024-10-04 16:19:23.328	2024-10-04 16:19:23.328
625fd44d-23bb-4f9b-9432-ff89b1eb4df0	8a8791db-dabe-4153-ad76-aaf221d45fa0	3b50f961-037f-48dd-92f3-92c63852b42d	e4939b45-40c7-44cc-ad6a-a50fa7a955e6	60	3	2024-10-04 16:19:23.328	2024-10-04 16:19:23.328
964147aa-e0c2-4650-ae2e-703227259d5e	8a8791db-dabe-4153-ad76-aaf221d45fa0	b8157cab-5dad-409b-82e1-51ee67ba4ee9	3efc8e53-5681-4931-a050-151c55385329	60	3	2024-10-04 16:19:23.328	2024-10-04 16:19:23.328
1e442153-cda9-4c0b-973c-ea6a96748202	8a8791db-dabe-4153-ad76-aaf221d45fa0	7a015617-8763-4794-8665-e5a79cfb3de5	3efc8e53-5681-4931-a050-151c55385329	60	3	2024-10-04 16:19:23.328	2024-10-04 16:19:23.328
7898003c-0567-451b-938a-cfe8980d3af6	8a8791db-dabe-4153-ad76-aaf221d45fa0	b166a178-cd80-4b64-870e-0165c624ce1c	3efc8e53-5681-4931-a050-151c55385329	60	3	2024-10-04 16:19:23.328	2024-10-04 16:19:23.328
db9167a8-c827-4b08-be14-d757a1268a61	8a8791db-dabe-4153-ad76-aaf221d45fa0	5eef4dda-7ee6-4911-84d2-1dcbcd1ae068	3efc8e53-5681-4931-a050-151c55385329	60	3	2024-10-04 16:19:23.328	2024-10-04 16:19:23.328
9ef9b473-214f-4bd9-a55d-f8203f854170	8a8791db-dabe-4153-ad76-aaf221d45fa0	3b50f961-037f-48dd-92f3-92c63852b42d	3efc8e53-5681-4931-a050-151c55385329	60	3	2024-10-04 16:19:23.328	2024-10-04 16:19:23.328
61e0fe3a-b98d-4b36-8223-08bfda5881e2	8a8791db-dabe-4153-ad76-aaf221d45fa0	b8157cab-5dad-409b-82e1-51ee67ba4ee9	5ea4e6ee-fea7-4d4f-8783-9f6eb480b8bc	60	3	2024-10-04 16:19:23.328	2024-10-04 16:19:23.328
b9d3c88c-b069-4920-8933-ba8114e0d16b	8a8791db-dabe-4153-ad76-aaf221d45fa0	7a015617-8763-4794-8665-e5a79cfb3de5	5ea4e6ee-fea7-4d4f-8783-9f6eb480b8bc	60	3	2024-10-04 16:19:23.328	2024-10-04 16:19:23.328
75a47b74-25d5-46a8-b493-4b48a34ed626	8a8791db-dabe-4153-ad76-aaf221d45fa0	b166a178-cd80-4b64-870e-0165c624ce1c	5ea4e6ee-fea7-4d4f-8783-9f6eb480b8bc	60	3	2024-10-04 16:19:23.328	2024-10-04 16:19:23.328
74357a37-7f40-4f70-b7d2-7777bf49dede	8a8791db-dabe-4153-ad76-aaf221d45fa0	5eef4dda-7ee6-4911-84d2-1dcbcd1ae068	5ea4e6ee-fea7-4d4f-8783-9f6eb480b8bc	60	3	2024-10-04 16:19:23.328	2024-10-04 16:19:23.328
089ba345-62d2-4760-90c0-1dce81d21d15	8a8791db-dabe-4153-ad76-aaf221d45fa0	3b50f961-037f-48dd-92f3-92c63852b42d	5ea4e6ee-fea7-4d4f-8783-9f6eb480b8bc	60	3	2024-10-04 16:19:23.328	2024-10-04 16:19:23.328
b9597b10-1f8a-46ad-8f2f-b8171cef76f8	8a8791db-dabe-4153-ad76-aaf221d45fa0	b8157cab-5dad-409b-82e1-51ee67ba4ee9	fc425912-bda2-4de8-b868-620342c2ef13	60	3	2024-10-04 16:19:23.328	2024-10-04 16:19:23.328
2455cdd5-8ca1-4287-8ab2-0a794c76f292	8a8791db-dabe-4153-ad76-aaf221d45fa0	7a015617-8763-4794-8665-e5a79cfb3de5	fc425912-bda2-4de8-b868-620342c2ef13	60	3	2024-10-04 16:19:23.328	2024-10-04 16:19:23.328
25ed577a-8fa3-4df3-ade0-0241ab725c8c	8a8791db-dabe-4153-ad76-aaf221d45fa0	b166a178-cd80-4b64-870e-0165c624ce1c	fc425912-bda2-4de8-b868-620342c2ef13	60	3	2024-10-04 16:19:23.328	2024-10-04 16:19:23.328
fe3aa876-19f7-4b58-8d4e-5f5ddb53f1f5	8a8791db-dabe-4153-ad76-aaf221d45fa0	5eef4dda-7ee6-4911-84d2-1dcbcd1ae068	fc425912-bda2-4de8-b868-620342c2ef13	60	3	2024-10-04 16:19:23.328	2024-10-04 16:19:23.328
85141249-a7fb-431e-b15b-55ff648f7696	8a8791db-dabe-4153-ad76-aaf221d45fa0	3b50f961-037f-48dd-92f3-92c63852b42d	fc425912-bda2-4de8-b868-620342c2ef13	60	3	2024-10-04 16:19:23.328	2024-10-04 16:19:23.328
b149f636-86b9-44e5-be36-4074a78430a6	8a8791db-dabe-4153-ad76-aaf221d45fa0	b8157cab-5dad-409b-82e1-51ee67ba4ee9	c0c1b2e9-904f-445f-9608-a1e0686fc906	60	3	2024-10-04 16:19:23.328	2024-10-04 16:19:23.328
ad53d4f2-7e47-4cab-9be8-996cf1b61488	8a8791db-dabe-4153-ad76-aaf221d45fa0	7a015617-8763-4794-8665-e5a79cfb3de5	c0c1b2e9-904f-445f-9608-a1e0686fc906	60	3	2024-10-04 16:19:23.328	2024-10-04 16:19:23.328
4e1f671d-2279-481c-8753-c66d04ff6077	8a8791db-dabe-4153-ad76-aaf221d45fa0	b166a178-cd80-4b64-870e-0165c624ce1c	c0c1b2e9-904f-445f-9608-a1e0686fc906	60	3	2024-10-04 16:19:23.328	2024-10-04 16:19:23.328
3aac558a-ba0c-44a3-b24c-885190d9dae6	8a8791db-dabe-4153-ad76-aaf221d45fa0	5eef4dda-7ee6-4911-84d2-1dcbcd1ae068	c0c1b2e9-904f-445f-9608-a1e0686fc906	60	3	2024-10-04 16:19:23.328	2024-10-04 16:19:23.328
312f6c8e-d7b5-454b-8c8c-6549ddd96d85	8a8791db-dabe-4153-ad76-aaf221d45fa0	3b50f961-037f-48dd-92f3-92c63852b42d	c0c1b2e9-904f-445f-9608-a1e0686fc906	60	3	2024-10-04 16:19:23.328	2024-10-04 16:19:23.328
fe73a69a-e052-4921-860a-817ffc9a66fe	8a8791db-dabe-4153-ad76-aaf221d45fa0	b8157cab-5dad-409b-82e1-51ee67ba4ee9	b4e3221b-5b89-43ad-8463-3ec530478783	60	3	2024-10-04 16:19:23.328	2024-10-04 16:19:23.328
a133e1f4-0c82-4c12-bd84-00648b1a9bae	8a8791db-dabe-4153-ad76-aaf221d45fa0	7a015617-8763-4794-8665-e5a79cfb3de5	b4e3221b-5b89-43ad-8463-3ec530478783	60	3	2024-10-04 16:19:23.328	2024-10-04 16:19:23.328
7d2b7583-f547-4508-9767-6ae8a98429ef	8a8791db-dabe-4153-ad76-aaf221d45fa0	b166a178-cd80-4b64-870e-0165c624ce1c	b4e3221b-5b89-43ad-8463-3ec530478783	60	3	2024-10-04 16:19:23.328	2024-10-04 16:19:23.328
f9e6eb59-a1fb-46b4-b8fa-8e1246eee773	8a8791db-dabe-4153-ad76-aaf221d45fa0	5eef4dda-7ee6-4911-84d2-1dcbcd1ae068	b4e3221b-5b89-43ad-8463-3ec530478783	60	3	2024-10-04 16:19:23.328	2024-10-04 16:19:23.328
5c250180-4e29-47e0-974f-6cf0b18a3c65	8a8791db-dabe-4153-ad76-aaf221d45fa0	3b50f961-037f-48dd-92f3-92c63852b42d	b4e3221b-5b89-43ad-8463-3ec530478783	60	3	2024-10-04 16:19:23.328	2024-10-04 16:19:23.328
150f7f7f-dea2-40b4-bbdd-9cacf111f947	8a8791db-dabe-4153-ad76-aaf221d45fa0	b8157cab-5dad-409b-82e1-51ee67ba4ee9	a1019ce6-c83b-4c20-9ad2-0bd6e2309d51	60	3	2024-10-04 16:19:23.328	2024-10-04 16:19:23.328
5736364b-96e8-4df7-93aa-92d86ccfa6fa	8a8791db-dabe-4153-ad76-aaf221d45fa0	7a015617-8763-4794-8665-e5a79cfb3de5	a1019ce6-c83b-4c20-9ad2-0bd6e2309d51	60	3	2024-10-04 16:19:23.328	2024-10-04 16:19:23.328
a31daeea-9de5-4312-8a6d-13f5ed1abab7	8a8791db-dabe-4153-ad76-aaf221d45fa0	b166a178-cd80-4b64-870e-0165c624ce1c	a1019ce6-c83b-4c20-9ad2-0bd6e2309d51	60	3	2024-10-04 16:19:23.328	2024-10-04 16:19:23.328
81f84b9e-5753-4bb0-b152-cfaf6c1a1a84	8a8791db-dabe-4153-ad76-aaf221d45fa0	5eef4dda-7ee6-4911-84d2-1dcbcd1ae068	a1019ce6-c83b-4c20-9ad2-0bd6e2309d51	60	3	2024-10-04 16:19:23.328	2024-10-04 16:19:23.328
684eb668-6b34-4fa4-aa5d-9370b439bb92	8a8791db-dabe-4153-ad76-aaf221d45fa0	3b50f961-037f-48dd-92f3-92c63852b42d	a1019ce6-c83b-4c20-9ad2-0bd6e2309d51	60	3	2024-10-04 16:19:23.328	2024-10-04 16:19:23.328
93df08c5-ce35-4333-bfc5-59104c4719d6	8a8791db-dabe-4153-ad76-aaf221d45fa0	b8157cab-5dad-409b-82e1-51ee67ba4ee9	a4874b0b-10c2-42fc-befa-ba5e0a508525	60	3	2024-10-04 16:19:23.328	2024-10-04 16:19:23.328
4fdd052d-1f56-4c4b-950e-773329879e5b	8a8791db-dabe-4153-ad76-aaf221d45fa0	7a015617-8763-4794-8665-e5a79cfb3de5	a4874b0b-10c2-42fc-befa-ba5e0a508525	60	3	2024-10-04 16:19:23.328	2024-10-04 16:19:23.328
460cee69-60b2-4f08-82e7-8aa6d31b8cc0	8a8791db-dabe-4153-ad76-aaf221d45fa0	b166a178-cd80-4b64-870e-0165c624ce1c	a4874b0b-10c2-42fc-befa-ba5e0a508525	60	3	2024-10-04 16:19:23.328	2024-10-04 16:19:23.328
44e85015-8540-40f1-9708-2e095b7a7e84	8a8791db-dabe-4153-ad76-aaf221d45fa0	5eef4dda-7ee6-4911-84d2-1dcbcd1ae068	a4874b0b-10c2-42fc-befa-ba5e0a508525	60	3	2024-10-04 16:19:23.328	2024-10-04 16:19:23.328
ac45d884-b5e0-4651-ab1d-7115fdf4d21d	8a8791db-dabe-4153-ad76-aaf221d45fa0	3b50f961-037f-48dd-92f3-92c63852b42d	a4874b0b-10c2-42fc-befa-ba5e0a508525	60	3	2024-10-04 16:19:23.328	2024-10-04 16:19:23.328
e80c4b9d-05dd-4da5-921e-21b900b0c423	8a8791db-dabe-4153-ad76-aaf221d45fa0	b8157cab-5dad-409b-82e1-51ee67ba4ee9	642081d7-4939-48d3-9ca9-2a231a914e94	60	3	2024-10-04 16:19:23.328	2024-10-04 16:19:23.328
a482ba73-d980-436c-b3fd-0a421cb87bd1	8a8791db-dabe-4153-ad76-aaf221d45fa0	7a015617-8763-4794-8665-e5a79cfb3de5	642081d7-4939-48d3-9ca9-2a231a914e94	60	3	2024-10-04 16:19:23.328	2024-10-04 16:19:23.328
c723af08-1947-418a-abfa-c679b9fcd481	8a8791db-dabe-4153-ad76-aaf221d45fa0	b166a178-cd80-4b64-870e-0165c624ce1c	642081d7-4939-48d3-9ca9-2a231a914e94	60	3	2024-10-04 16:19:23.328	2024-10-04 16:19:23.328
8801696a-7f73-4c24-88ac-8acd07d85b25	8a8791db-dabe-4153-ad76-aaf221d45fa0	5eef4dda-7ee6-4911-84d2-1dcbcd1ae068	642081d7-4939-48d3-9ca9-2a231a914e94	60	3	2024-10-04 16:19:23.328	2024-10-04 16:19:23.328
dd595d41-621b-40e9-9ebf-a0ab945ea7bd	8a8791db-dabe-4153-ad76-aaf221d45fa0	3b50f961-037f-48dd-92f3-92c63852b42d	642081d7-4939-48d3-9ca9-2a231a914e94	60	3	2024-10-04 16:19:23.328	2024-10-04 16:19:23.328
b40b798c-845f-4844-8449-c501712101de	8a8791db-dabe-4153-ad76-aaf221d45fa0	b8157cab-5dad-409b-82e1-51ee67ba4ee9	4dd0bd65-3a1f-4567-8dfd-e3318bf60c8c	60	3	2024-10-04 16:19:23.328	2024-10-04 16:19:23.328
07f397eb-7d2f-4f00-8d45-09ee6dfc5c84	8a8791db-dabe-4153-ad76-aaf221d45fa0	7a015617-8763-4794-8665-e5a79cfb3de5	4dd0bd65-3a1f-4567-8dfd-e3318bf60c8c	60	3	2024-10-04 16:19:23.328	2024-10-04 16:19:23.328
86b61fa0-7cc9-4fbf-92a3-68905fa4b297	8a8791db-dabe-4153-ad76-aaf221d45fa0	b166a178-cd80-4b64-870e-0165c624ce1c	4dd0bd65-3a1f-4567-8dfd-e3318bf60c8c	60	3	2024-10-04 16:19:23.328	2024-10-04 16:19:23.328
7c05040e-812d-40ee-a47b-c0b814279e13	8a8791db-dabe-4153-ad76-aaf221d45fa0	5eef4dda-7ee6-4911-84d2-1dcbcd1ae068	4dd0bd65-3a1f-4567-8dfd-e3318bf60c8c	60	3	2024-10-04 16:19:23.328	2024-10-04 16:19:23.328
80924cde-aa8d-4c82-a367-798c75d00339	8a8791db-dabe-4153-ad76-aaf221d45fa0	3b50f961-037f-48dd-92f3-92c63852b42d	4dd0bd65-3a1f-4567-8dfd-e3318bf60c8c	60	3	2024-10-04 16:19:23.328	2024-10-04 16:19:23.328
c0f0c385-3ca6-4dc9-98b3-042ddce417a2	8a8791db-dabe-4153-ad76-aaf221d45fa0	b8157cab-5dad-409b-82e1-51ee67ba4ee9	079b6a6f-a1b4-4ccf-b36d-beb68c9830ce	60	3	2024-10-04 16:19:23.328	2024-10-04 16:19:23.328
228f9e86-b454-430b-83ae-eb20cbe3c82a	8a8791db-dabe-4153-ad76-aaf221d45fa0	7a015617-8763-4794-8665-e5a79cfb3de5	079b6a6f-a1b4-4ccf-b36d-beb68c9830ce	60	3	2024-10-04 16:19:23.328	2024-10-04 16:19:23.328
008773b4-d000-4aea-a6f2-a75d925c7d40	8a8791db-dabe-4153-ad76-aaf221d45fa0	b166a178-cd80-4b64-870e-0165c624ce1c	079b6a6f-a1b4-4ccf-b36d-beb68c9830ce	60	3	2024-10-04 16:19:23.328	2024-10-04 16:19:23.328
2301965c-3bf0-47da-a2b0-79c4478cf007	8a8791db-dabe-4153-ad76-aaf221d45fa0	5eef4dda-7ee6-4911-84d2-1dcbcd1ae068	079b6a6f-a1b4-4ccf-b36d-beb68c9830ce	60	3	2024-10-04 16:19:23.328	2024-10-04 16:19:23.328
7c6025e8-aba6-47bb-abd2-100b52a69680	8a8791db-dabe-4153-ad76-aaf221d45fa0	3b50f961-037f-48dd-92f3-92c63852b42d	079b6a6f-a1b4-4ccf-b36d-beb68c9830ce	60	3	2024-10-04 16:19:23.328	2024-10-04 16:19:23.328
8dd07650-68c3-48d5-8c6b-eb2860349cf2	8a8791db-dabe-4153-ad76-aaf221d45fa0	b8157cab-5dad-409b-82e1-51ee67ba4ee9	cf725cb7-085d-4636-adb4-a687d3a9a576	60	3	2024-10-04 16:19:23.328	2024-10-04 16:19:23.328
bca0b47a-c93f-44c6-9d83-229597815257	8a8791db-dabe-4153-ad76-aaf221d45fa0	7a015617-8763-4794-8665-e5a79cfb3de5	cf725cb7-085d-4636-adb4-a687d3a9a576	60	3	2024-10-04 16:19:23.328	2024-10-04 16:19:23.328
5bddb591-9674-4500-a37b-99e218f6344b	8a8791db-dabe-4153-ad76-aaf221d45fa0	b166a178-cd80-4b64-870e-0165c624ce1c	cf725cb7-085d-4636-adb4-a687d3a9a576	60	3	2024-10-04 16:19:23.328	2024-10-04 16:19:23.328
ceffafa8-b13b-4207-8d65-a7e4f74a42c2	8a8791db-dabe-4153-ad76-aaf221d45fa0	5eef4dda-7ee6-4911-84d2-1dcbcd1ae068	cf725cb7-085d-4636-adb4-a687d3a9a576	60	3	2024-10-04 16:19:23.328	2024-10-04 16:19:23.328
53866195-0fb1-4450-8948-7ddbf6ba13b0	8a8791db-dabe-4153-ad76-aaf221d45fa0	3b50f961-037f-48dd-92f3-92c63852b42d	cf725cb7-085d-4636-adb4-a687d3a9a576	60	3	2024-10-04 16:19:23.328	2024-10-04 16:19:23.328
dcfb29e5-1719-437e-a9a7-6ab32d9a9203	8a8791db-dabe-4153-ad76-aaf221d45fa0	b8157cab-5dad-409b-82e1-51ee67ba4ee9	ec5b5d4b-40b9-4489-a800-5e31bf329b69	60	3	2024-10-04 16:19:23.328	2024-10-04 16:19:23.328
a1df8ec2-4a95-403d-b8a6-816e9733aab3	8a8791db-dabe-4153-ad76-aaf221d45fa0	7a015617-8763-4794-8665-e5a79cfb3de5	ec5b5d4b-40b9-4489-a800-5e31bf329b69	60	3	2024-10-04 16:19:23.328	2024-10-04 16:19:23.328
e6723357-8163-4db9-821d-7b24e56a7ace	8a8791db-dabe-4153-ad76-aaf221d45fa0	b166a178-cd80-4b64-870e-0165c624ce1c	ec5b5d4b-40b9-4489-a800-5e31bf329b69	60	3	2024-10-04 16:19:23.328	2024-10-04 16:19:23.328
644c060c-956f-464d-aa95-928eeebe339d	8a8791db-dabe-4153-ad76-aaf221d45fa0	5eef4dda-7ee6-4911-84d2-1dcbcd1ae068	ec5b5d4b-40b9-4489-a800-5e31bf329b69	60	3	2024-10-04 16:19:23.328	2024-10-04 16:19:23.328
9b735ad0-3868-476f-afd6-1f173b70d7e7	8a8791db-dabe-4153-ad76-aaf221d45fa0	3b50f961-037f-48dd-92f3-92c63852b42d	ec5b5d4b-40b9-4489-a800-5e31bf329b69	60	3	2024-10-04 16:19:23.328	2024-10-04 16:19:23.328
c0ffb067-fac5-451e-af02-5913ade0c8cb	8a8791db-dabe-4153-ad76-aaf221d45fa0	b8157cab-5dad-409b-82e1-51ee67ba4ee9	bff4e367-6faf-4e06-be02-ab9b60d7fb59	60	3	2024-10-04 16:19:23.328	2024-10-04 16:19:23.328
c58bf148-7601-4651-a546-eff03de033dd	8a8791db-dabe-4153-ad76-aaf221d45fa0	7a015617-8763-4794-8665-e5a79cfb3de5	bff4e367-6faf-4e06-be02-ab9b60d7fb59	60	3	2024-10-04 16:19:23.328	2024-10-04 16:19:23.328
0cf7933c-032b-4328-bdb0-93e2706acd2e	8a8791db-dabe-4153-ad76-aaf221d45fa0	b166a178-cd80-4b64-870e-0165c624ce1c	bff4e367-6faf-4e06-be02-ab9b60d7fb59	60	3	2024-10-04 16:19:23.328	2024-10-04 16:19:23.328
5e0a6e63-bf94-4f7a-9bb2-c7559c2d6db3	8a8791db-dabe-4153-ad76-aaf221d45fa0	5eef4dda-7ee6-4911-84d2-1dcbcd1ae068	bff4e367-6faf-4e06-be02-ab9b60d7fb59	60	3	2024-10-04 16:19:23.328	2024-10-04 16:19:23.328
f6006147-4043-402c-a2c1-b5c65f702fa9	8a8791db-dabe-4153-ad76-aaf221d45fa0	3b50f961-037f-48dd-92f3-92c63852b42d	bff4e367-6faf-4e06-be02-ab9b60d7fb59	60	3	2024-10-04 16:19:23.328	2024-10-04 16:19:23.328
4963f20b-d5b9-44c4-a1c3-b27a291705dd	8a8791db-dabe-4153-ad76-aaf221d45fa0	b8157cab-5dad-409b-82e1-51ee67ba4ee9	1282e0d3-bfae-4822-b4bd-0ac0077a40c3	60	3	2024-10-04 16:19:23.328	2024-10-04 16:19:23.328
d8ce744a-efd9-4a5f-aa49-a5133b200ff1	8a8791db-dabe-4153-ad76-aaf221d45fa0	7a015617-8763-4794-8665-e5a79cfb3de5	1282e0d3-bfae-4822-b4bd-0ac0077a40c3	60	3	2024-10-04 16:19:23.328	2024-10-04 16:19:23.328
c1a1a901-a9c3-4de2-a107-e5dba0090ba9	8a8791db-dabe-4153-ad76-aaf221d45fa0	b166a178-cd80-4b64-870e-0165c624ce1c	1282e0d3-bfae-4822-b4bd-0ac0077a40c3	60	3	2024-10-04 16:19:23.328	2024-10-04 16:19:23.328
2c11f99a-7281-4a4f-964a-a4341e1f86d9	8a8791db-dabe-4153-ad76-aaf221d45fa0	5eef4dda-7ee6-4911-84d2-1dcbcd1ae068	1282e0d3-bfae-4822-b4bd-0ac0077a40c3	60	3	2024-10-04 16:19:23.328	2024-10-04 16:19:23.328
ac5b6c6b-803e-46ef-a9d4-83147528ff7b	8a8791db-dabe-4153-ad76-aaf221d45fa0	3b50f961-037f-48dd-92f3-92c63852b42d	1282e0d3-bfae-4822-b4bd-0ac0077a40c3	60	3	2024-10-04 16:19:23.328	2024-10-04 16:19:23.328
d89038d9-9cbd-416f-a699-9e2636734daf	b2a1fa12-2d08-4c42-8b22-bb1417ba7384	b8157cab-5dad-409b-82e1-51ee67ba4ee9	09255816-e91d-4c97-a9a0-4a5c00484906	60	3	2024-10-04 16:19:23.328	2024-10-04 16:19:23.328
93012353-e5bf-478c-95f1-4a2148f41d3a	b2a1fa12-2d08-4c42-8b22-bb1417ba7384	7a015617-8763-4794-8665-e5a79cfb3de5	09255816-e91d-4c97-a9a0-4a5c00484906	60	3	2024-10-04 16:19:23.328	2024-10-04 16:19:23.328
9e5a342d-dfa1-4496-b1be-d9d98d637ab1	b2a1fa12-2d08-4c42-8b22-bb1417ba7384	b166a178-cd80-4b64-870e-0165c624ce1c	09255816-e91d-4c97-a9a0-4a5c00484906	60	3	2024-10-04 16:19:23.328	2024-10-04 16:19:23.328
85c6dd8d-b83a-4a09-aa52-8bab91e76150	b2a1fa12-2d08-4c42-8b22-bb1417ba7384	5eef4dda-7ee6-4911-84d2-1dcbcd1ae068	09255816-e91d-4c97-a9a0-4a5c00484906	60	3	2024-10-04 16:19:23.328	2024-10-04 16:19:23.328
dec1d8d8-c2f3-4e15-81b7-e13a721e92d7	b2a1fa12-2d08-4c42-8b22-bb1417ba7384	3b50f961-037f-48dd-92f3-92c63852b42d	09255816-e91d-4c97-a9a0-4a5c00484906	60	3	2024-10-04 16:19:23.328	2024-10-04 16:19:23.328
c3a424a2-4f88-475b-b648-9d28a277c346	b2a1fa12-2d08-4c42-8b22-bb1417ba7384	b8157cab-5dad-409b-82e1-51ee67ba4ee9	9141659f-6f88-49ac-b676-ce4daab61697	60	3	2024-10-04 16:19:23.328	2024-10-04 16:19:23.328
e5280de2-c4e5-4221-969f-b0b3c22349fc	b2a1fa12-2d08-4c42-8b22-bb1417ba7384	7a015617-8763-4794-8665-e5a79cfb3de5	9141659f-6f88-49ac-b676-ce4daab61697	60	3	2024-10-04 16:19:23.328	2024-10-04 16:19:23.328
f0067573-b4d2-478b-b392-907cd59bc8af	b2a1fa12-2d08-4c42-8b22-bb1417ba7384	b166a178-cd80-4b64-870e-0165c624ce1c	9141659f-6f88-49ac-b676-ce4daab61697	60	3	2024-10-04 16:19:23.328	2024-10-04 16:19:23.328
4340a0be-9a78-4eab-8b87-551b6497c737	b2a1fa12-2d08-4c42-8b22-bb1417ba7384	5eef4dda-7ee6-4911-84d2-1dcbcd1ae068	9141659f-6f88-49ac-b676-ce4daab61697	60	3	2024-10-04 16:19:23.328	2024-10-04 16:19:23.328
8a4d3001-65b9-4189-8ad9-b530c3c14ba9	b2a1fa12-2d08-4c42-8b22-bb1417ba7384	3b50f961-037f-48dd-92f3-92c63852b42d	9141659f-6f88-49ac-b676-ce4daab61697	60	3	2024-10-04 16:19:23.328	2024-10-04 16:19:23.328
8472fbee-9aaf-4e49-a159-bef33a132ccf	b2a1fa12-2d08-4c42-8b22-bb1417ba7384	b8157cab-5dad-409b-82e1-51ee67ba4ee9	ae43ed5c-5335-4526-a63b-cbe62ccd9d22	60	3	2024-10-04 16:19:23.328	2024-10-04 16:19:23.328
dc075fbb-94ac-4e54-8e83-a5eba93fe113	b2a1fa12-2d08-4c42-8b22-bb1417ba7384	7a015617-8763-4794-8665-e5a79cfb3de5	ae43ed5c-5335-4526-a63b-cbe62ccd9d22	60	3	2024-10-04 16:19:23.328	2024-10-04 16:19:23.328
0c41e9de-c79c-46ff-81b6-ec12945ecb31	b2a1fa12-2d08-4c42-8b22-bb1417ba7384	b166a178-cd80-4b64-870e-0165c624ce1c	ae43ed5c-5335-4526-a63b-cbe62ccd9d22	60	3	2024-10-04 16:19:23.328	2024-10-04 16:19:23.328
5e31db3c-b896-4a15-97d8-d0378ee260d1	b2a1fa12-2d08-4c42-8b22-bb1417ba7384	5eef4dda-7ee6-4911-84d2-1dcbcd1ae068	ae43ed5c-5335-4526-a63b-cbe62ccd9d22	60	3	2024-10-04 16:19:23.328	2024-10-04 16:19:23.328
de3239c6-692c-4afd-b02b-c5fea5895590	b2a1fa12-2d08-4c42-8b22-bb1417ba7384	3b50f961-037f-48dd-92f3-92c63852b42d	ae43ed5c-5335-4526-a63b-cbe62ccd9d22	60	3	2024-10-04 16:19:23.328	2024-10-04 16:19:23.328
636dfd2f-6589-44ce-8415-e23980e1ccde	b2a1fa12-2d08-4c42-8b22-bb1417ba7384	b8157cab-5dad-409b-82e1-51ee67ba4ee9	7b66d5b2-b201-4298-a632-01236163a344	60	3	2024-10-04 16:19:23.328	2024-10-04 16:19:23.328
c0c99320-9d28-4d95-91cc-ac32b08757fc	b2a1fa12-2d08-4c42-8b22-bb1417ba7384	7a015617-8763-4794-8665-e5a79cfb3de5	7b66d5b2-b201-4298-a632-01236163a344	60	3	2024-10-04 16:19:23.328	2024-10-04 16:19:23.328
86ddd396-a45e-4c20-ac12-6bb50eddb14a	b2a1fa12-2d08-4c42-8b22-bb1417ba7384	b166a178-cd80-4b64-870e-0165c624ce1c	7b66d5b2-b201-4298-a632-01236163a344	60	3	2024-10-04 16:19:23.328	2024-10-04 16:19:23.328
0f22d68f-67d4-460e-b3ae-306d25cb436b	b2a1fa12-2d08-4c42-8b22-bb1417ba7384	5eef4dda-7ee6-4911-84d2-1dcbcd1ae068	7b66d5b2-b201-4298-a632-01236163a344	60	3	2024-10-04 16:19:23.328	2024-10-04 16:19:23.328
dfff59c0-3404-44e6-986b-a17b514e0f81	b2a1fa12-2d08-4c42-8b22-bb1417ba7384	3b50f961-037f-48dd-92f3-92c63852b42d	7b66d5b2-b201-4298-a632-01236163a344	60	3	2024-10-04 16:19:23.328	2024-10-04 16:19:23.328
7c1a4f48-3264-445a-ae0a-541d9b1dd358	b2a1fa12-2d08-4c42-8b22-bb1417ba7384	b8157cab-5dad-409b-82e1-51ee67ba4ee9	baf28813-32de-4785-a3fa-7f73a7002bba	60	3	2024-10-04 16:19:23.328	2024-10-04 16:19:23.328
74630c27-3260-4565-8cb0-0edb2bddede9	b2a1fa12-2d08-4c42-8b22-bb1417ba7384	7a015617-8763-4794-8665-e5a79cfb3de5	baf28813-32de-4785-a3fa-7f73a7002bba	60	3	2024-10-04 16:19:23.328	2024-10-04 16:19:23.328
5ae425fd-74be-4590-a85e-b2d0a5e53485	b2a1fa12-2d08-4c42-8b22-bb1417ba7384	b166a178-cd80-4b64-870e-0165c624ce1c	baf28813-32de-4785-a3fa-7f73a7002bba	60	3	2024-10-04 16:19:23.328	2024-10-04 16:19:23.328
e6259a4b-8734-43b4-b323-67f54aa40710	b2a1fa12-2d08-4c42-8b22-bb1417ba7384	5eef4dda-7ee6-4911-84d2-1dcbcd1ae068	baf28813-32de-4785-a3fa-7f73a7002bba	60	3	2024-10-04 16:19:23.328	2024-10-04 16:19:23.328
60ab54de-16d1-407c-8532-f216a2cb362d	b2a1fa12-2d08-4c42-8b22-bb1417ba7384	3b50f961-037f-48dd-92f3-92c63852b42d	baf28813-32de-4785-a3fa-7f73a7002bba	60	3	2024-10-04 16:19:23.328	2024-10-04 16:19:23.328
adfaf900-be7f-43fd-a24b-7f2460c78ac2	b2a1fa12-2d08-4c42-8b22-bb1417ba7384	b8157cab-5dad-409b-82e1-51ee67ba4ee9	e4939b45-40c7-44cc-ad6a-a50fa7a955e6	60	3	2024-10-04 16:19:23.328	2024-10-04 16:19:23.328
a609a313-8430-4989-978b-46aa2d022d7c	b2a1fa12-2d08-4c42-8b22-bb1417ba7384	7a015617-8763-4794-8665-e5a79cfb3de5	e4939b45-40c7-44cc-ad6a-a50fa7a955e6	60	3	2024-10-04 16:19:23.328	2024-10-04 16:19:23.328
adc1bc3e-ccdb-499c-8fad-974e31c4500c	b2a1fa12-2d08-4c42-8b22-bb1417ba7384	b166a178-cd80-4b64-870e-0165c624ce1c	e4939b45-40c7-44cc-ad6a-a50fa7a955e6	60	3	2024-10-04 16:19:23.328	2024-10-04 16:19:23.328
a7ce42b5-1d00-4108-8ea1-a89672fd3565	b2a1fa12-2d08-4c42-8b22-bb1417ba7384	5eef4dda-7ee6-4911-84d2-1dcbcd1ae068	e4939b45-40c7-44cc-ad6a-a50fa7a955e6	60	3	2024-10-04 16:19:23.328	2024-10-04 16:19:23.328
a019c2c1-8c1f-4a3b-9d97-a0ff8ba8172b	b2a1fa12-2d08-4c42-8b22-bb1417ba7384	3b50f961-037f-48dd-92f3-92c63852b42d	e4939b45-40c7-44cc-ad6a-a50fa7a955e6	60	3	2024-10-04 16:19:23.328	2024-10-04 16:19:23.328
4a81fd82-4c84-4bce-8e93-1022bd09055a	b2a1fa12-2d08-4c42-8b22-bb1417ba7384	b8157cab-5dad-409b-82e1-51ee67ba4ee9	3efc8e53-5681-4931-a050-151c55385329	60	3	2024-10-04 16:19:23.328	2024-10-04 16:19:23.328
811a0b6f-91e5-45a8-b4ba-e5cb3bc8135c	b2a1fa12-2d08-4c42-8b22-bb1417ba7384	7a015617-8763-4794-8665-e5a79cfb3de5	3efc8e53-5681-4931-a050-151c55385329	60	3	2024-10-04 16:19:23.328	2024-10-04 16:19:23.328
cfd15a2f-7c0a-4268-a20b-69169472e9fa	b2a1fa12-2d08-4c42-8b22-bb1417ba7384	b166a178-cd80-4b64-870e-0165c624ce1c	3efc8e53-5681-4931-a050-151c55385329	60	3	2024-10-04 16:19:23.328	2024-10-04 16:19:23.328
eea0a61b-b3f4-4936-923c-ed516f0a0ac2	b2a1fa12-2d08-4c42-8b22-bb1417ba7384	5eef4dda-7ee6-4911-84d2-1dcbcd1ae068	3efc8e53-5681-4931-a050-151c55385329	60	3	2024-10-04 16:19:23.328	2024-10-04 16:19:23.328
1cc8ad85-634f-46a7-a352-21201d14a6fa	b2a1fa12-2d08-4c42-8b22-bb1417ba7384	3b50f961-037f-48dd-92f3-92c63852b42d	3efc8e53-5681-4931-a050-151c55385329	60	3	2024-10-04 16:19:23.328	2024-10-04 16:19:23.328
cf37419e-33cd-4d30-904f-2424c73c07b5	b2a1fa12-2d08-4c42-8b22-bb1417ba7384	b8157cab-5dad-409b-82e1-51ee67ba4ee9	5ea4e6ee-fea7-4d4f-8783-9f6eb480b8bc	60	3	2024-10-04 16:19:23.328	2024-10-04 16:19:23.328
a1b52b0e-e3d2-43a5-92da-ca856c01aa0b	b2a1fa12-2d08-4c42-8b22-bb1417ba7384	7a015617-8763-4794-8665-e5a79cfb3de5	5ea4e6ee-fea7-4d4f-8783-9f6eb480b8bc	60	3	2024-10-04 16:19:23.328	2024-10-04 16:19:23.328
8606ab54-4a3f-4c04-9022-8839135c0343	b2a1fa12-2d08-4c42-8b22-bb1417ba7384	b166a178-cd80-4b64-870e-0165c624ce1c	5ea4e6ee-fea7-4d4f-8783-9f6eb480b8bc	60	3	2024-10-04 16:19:23.328	2024-10-04 16:19:23.328
ad742176-e3ea-46d7-926d-ac88b7184d92	b2a1fa12-2d08-4c42-8b22-bb1417ba7384	5eef4dda-7ee6-4911-84d2-1dcbcd1ae068	5ea4e6ee-fea7-4d4f-8783-9f6eb480b8bc	60	3	2024-10-04 16:19:23.328	2024-10-04 16:19:23.328
df2fed87-e89b-4c6c-b867-9ff91c1682ec	b2a1fa12-2d08-4c42-8b22-bb1417ba7384	3b50f961-037f-48dd-92f3-92c63852b42d	5ea4e6ee-fea7-4d4f-8783-9f6eb480b8bc	60	3	2024-10-04 16:19:23.328	2024-10-04 16:19:23.328
a03c66ec-428d-4b60-bc4d-9538c8ae057b	b2a1fa12-2d08-4c42-8b22-bb1417ba7384	b8157cab-5dad-409b-82e1-51ee67ba4ee9	fc425912-bda2-4de8-b868-620342c2ef13	60	3	2024-10-04 16:19:23.328	2024-10-04 16:19:23.328
27814317-b7ba-41c3-bc49-270498056f50	b2a1fa12-2d08-4c42-8b22-bb1417ba7384	7a015617-8763-4794-8665-e5a79cfb3de5	fc425912-bda2-4de8-b868-620342c2ef13	60	3	2024-10-04 16:19:23.328	2024-10-04 16:19:23.328
06e01c40-f64f-43f5-af8e-675fd0034688	b2a1fa12-2d08-4c42-8b22-bb1417ba7384	b166a178-cd80-4b64-870e-0165c624ce1c	fc425912-bda2-4de8-b868-620342c2ef13	60	3	2024-10-04 16:19:23.328	2024-10-04 16:19:23.328
40d04bb3-a779-46ff-ac0d-a9f6f75f100e	b2a1fa12-2d08-4c42-8b22-bb1417ba7384	5eef4dda-7ee6-4911-84d2-1dcbcd1ae068	fc425912-bda2-4de8-b868-620342c2ef13	60	3	2024-10-04 16:19:23.328	2024-10-04 16:19:23.328
bfbf4dab-5d41-4955-8417-c48b497eaccd	b2a1fa12-2d08-4c42-8b22-bb1417ba7384	3b50f961-037f-48dd-92f3-92c63852b42d	fc425912-bda2-4de8-b868-620342c2ef13	60	3	2024-10-04 16:19:23.328	2024-10-04 16:19:23.328
daa56e07-25fb-4e47-ac82-be93076f9e8a	b2a1fa12-2d08-4c42-8b22-bb1417ba7384	b8157cab-5dad-409b-82e1-51ee67ba4ee9	c0c1b2e9-904f-445f-9608-a1e0686fc906	60	3	2024-10-04 16:19:23.328	2024-10-04 16:19:23.328
11d7b864-6a10-43a3-adc8-e443980075c7	b2a1fa12-2d08-4c42-8b22-bb1417ba7384	7a015617-8763-4794-8665-e5a79cfb3de5	c0c1b2e9-904f-445f-9608-a1e0686fc906	60	3	2024-10-04 16:19:23.328	2024-10-04 16:19:23.328
2c9649b2-87c7-4120-b75f-bd11c2b8c903	b2a1fa12-2d08-4c42-8b22-bb1417ba7384	b166a178-cd80-4b64-870e-0165c624ce1c	c0c1b2e9-904f-445f-9608-a1e0686fc906	60	3	2024-10-04 16:19:23.328	2024-10-04 16:19:23.328
ca280b59-5ab2-44e1-891f-379c6dc5abde	b2a1fa12-2d08-4c42-8b22-bb1417ba7384	5eef4dda-7ee6-4911-84d2-1dcbcd1ae068	c0c1b2e9-904f-445f-9608-a1e0686fc906	60	3	2024-10-04 16:19:23.328	2024-10-04 16:19:23.328
d0614a4c-42a2-4ecc-a069-07e5864de2ff	b2a1fa12-2d08-4c42-8b22-bb1417ba7384	3b50f961-037f-48dd-92f3-92c63852b42d	c0c1b2e9-904f-445f-9608-a1e0686fc906	60	3	2024-10-04 16:19:23.328	2024-10-04 16:19:23.328
3277a917-9cf6-4068-a5c8-f54bb0b87e0d	b2a1fa12-2d08-4c42-8b22-bb1417ba7384	b8157cab-5dad-409b-82e1-51ee67ba4ee9	b4e3221b-5b89-43ad-8463-3ec530478783	60	3	2024-10-04 16:19:23.328	2024-10-04 16:19:23.328
86bf6ede-a05e-4295-97de-e9e57387d0be	b2a1fa12-2d08-4c42-8b22-bb1417ba7384	7a015617-8763-4794-8665-e5a79cfb3de5	b4e3221b-5b89-43ad-8463-3ec530478783	60	3	2024-10-04 16:19:23.328	2024-10-04 16:19:23.328
1a8f78a3-2b24-4050-bb35-21e1057abfde	b2a1fa12-2d08-4c42-8b22-bb1417ba7384	b166a178-cd80-4b64-870e-0165c624ce1c	b4e3221b-5b89-43ad-8463-3ec530478783	60	3	2024-10-04 16:19:23.328	2024-10-04 16:19:23.328
c7733668-7f1e-4e65-bc6d-39f756340dce	b2a1fa12-2d08-4c42-8b22-bb1417ba7384	5eef4dda-7ee6-4911-84d2-1dcbcd1ae068	b4e3221b-5b89-43ad-8463-3ec530478783	60	3	2024-10-04 16:19:23.328	2024-10-04 16:19:23.328
63c9ef6b-d69b-43ef-98bb-5610c99d2f76	b2a1fa12-2d08-4c42-8b22-bb1417ba7384	3b50f961-037f-48dd-92f3-92c63852b42d	b4e3221b-5b89-43ad-8463-3ec530478783	60	3	2024-10-04 16:19:23.328	2024-10-04 16:19:23.328
5aa230aa-bea1-40af-b964-fc4ea7441296	b2a1fa12-2d08-4c42-8b22-bb1417ba7384	b8157cab-5dad-409b-82e1-51ee67ba4ee9	a1019ce6-c83b-4c20-9ad2-0bd6e2309d51	60	3	2024-10-04 16:19:23.328	2024-10-04 16:19:23.328
0bc2a9a4-5226-4646-9866-fc5a899997cd	b2a1fa12-2d08-4c42-8b22-bb1417ba7384	7a015617-8763-4794-8665-e5a79cfb3de5	a1019ce6-c83b-4c20-9ad2-0bd6e2309d51	60	3	2024-10-04 16:19:23.328	2024-10-04 16:19:23.328
85c997b2-1a5e-4de4-9aad-df865e46b8c4	b2a1fa12-2d08-4c42-8b22-bb1417ba7384	b166a178-cd80-4b64-870e-0165c624ce1c	a1019ce6-c83b-4c20-9ad2-0bd6e2309d51	60	3	2024-10-04 16:19:23.328	2024-10-04 16:19:23.328
4367a3ba-1cff-4fbb-9615-d17e4354bc46	b2a1fa12-2d08-4c42-8b22-bb1417ba7384	5eef4dda-7ee6-4911-84d2-1dcbcd1ae068	a1019ce6-c83b-4c20-9ad2-0bd6e2309d51	60	3	2024-10-04 16:19:23.328	2024-10-04 16:19:23.328
ea24e5f7-cabd-43e8-be2e-ad7d7c49183a	b2a1fa12-2d08-4c42-8b22-bb1417ba7384	3b50f961-037f-48dd-92f3-92c63852b42d	a1019ce6-c83b-4c20-9ad2-0bd6e2309d51	60	3	2024-10-04 16:19:23.328	2024-10-04 16:19:23.328
fef6b0b5-bbcc-438c-8323-07103b177916	b2a1fa12-2d08-4c42-8b22-bb1417ba7384	b8157cab-5dad-409b-82e1-51ee67ba4ee9	a4874b0b-10c2-42fc-befa-ba5e0a508525	60	3	2024-10-04 16:19:23.328	2024-10-04 16:19:23.328
282bb695-0371-4ee7-84ef-b4a1650de340	b2a1fa12-2d08-4c42-8b22-bb1417ba7384	7a015617-8763-4794-8665-e5a79cfb3de5	a4874b0b-10c2-42fc-befa-ba5e0a508525	60	3	2024-10-04 16:19:23.328	2024-10-04 16:19:23.328
f1cf4c65-7abe-4041-a539-7e22f7cafe74	b2a1fa12-2d08-4c42-8b22-bb1417ba7384	b166a178-cd80-4b64-870e-0165c624ce1c	a4874b0b-10c2-42fc-befa-ba5e0a508525	60	3	2024-10-04 16:19:23.328	2024-10-04 16:19:23.328
503e963b-b1e2-4cc6-b7e3-a44a0e3a7eca	b2a1fa12-2d08-4c42-8b22-bb1417ba7384	5eef4dda-7ee6-4911-84d2-1dcbcd1ae068	a4874b0b-10c2-42fc-befa-ba5e0a508525	60	3	2024-10-04 16:19:23.328	2024-10-04 16:19:23.328
88aa79e3-9672-4ae5-84a0-9f788d31b46e	b2a1fa12-2d08-4c42-8b22-bb1417ba7384	3b50f961-037f-48dd-92f3-92c63852b42d	a4874b0b-10c2-42fc-befa-ba5e0a508525	60	3	2024-10-04 16:19:23.328	2024-10-04 16:19:23.328
70100dae-dc64-44b3-8502-1084396de0d2	b2a1fa12-2d08-4c42-8b22-bb1417ba7384	b8157cab-5dad-409b-82e1-51ee67ba4ee9	642081d7-4939-48d3-9ca9-2a231a914e94	60	3	2024-10-04 16:19:23.328	2024-10-04 16:19:23.328
8653223a-8655-4914-aa12-da70956f7cd3	b2a1fa12-2d08-4c42-8b22-bb1417ba7384	7a015617-8763-4794-8665-e5a79cfb3de5	642081d7-4939-48d3-9ca9-2a231a914e94	60	3	2024-10-04 16:19:23.328	2024-10-04 16:19:23.328
15ff6c86-97da-48f8-a1ad-0d6900f1bbe0	b2a1fa12-2d08-4c42-8b22-bb1417ba7384	b166a178-cd80-4b64-870e-0165c624ce1c	642081d7-4939-48d3-9ca9-2a231a914e94	60	3	2024-10-04 16:19:23.328	2024-10-04 16:19:23.328
3ba59dd6-6c2a-4474-aec5-7a8ef0a81392	b2a1fa12-2d08-4c42-8b22-bb1417ba7384	5eef4dda-7ee6-4911-84d2-1dcbcd1ae068	642081d7-4939-48d3-9ca9-2a231a914e94	60	3	2024-10-04 16:19:23.328	2024-10-04 16:19:23.328
595935a6-dfda-4669-b191-d9b2174dd209	b2a1fa12-2d08-4c42-8b22-bb1417ba7384	3b50f961-037f-48dd-92f3-92c63852b42d	642081d7-4939-48d3-9ca9-2a231a914e94	60	3	2024-10-04 16:19:23.328	2024-10-04 16:19:23.328
745e66da-44b6-4f9d-94c2-1675706c9c70	b2a1fa12-2d08-4c42-8b22-bb1417ba7384	b8157cab-5dad-409b-82e1-51ee67ba4ee9	4dd0bd65-3a1f-4567-8dfd-e3318bf60c8c	60	3	2024-10-04 16:19:23.328	2024-10-04 16:19:23.328
10b90004-7f59-4e7c-9a2e-d36182e99299	b2a1fa12-2d08-4c42-8b22-bb1417ba7384	7a015617-8763-4794-8665-e5a79cfb3de5	4dd0bd65-3a1f-4567-8dfd-e3318bf60c8c	60	3	2024-10-04 16:19:23.328	2024-10-04 16:19:23.328
961a4de1-2eed-488c-8d3b-0cffa8df115f	b2a1fa12-2d08-4c42-8b22-bb1417ba7384	b166a178-cd80-4b64-870e-0165c624ce1c	4dd0bd65-3a1f-4567-8dfd-e3318bf60c8c	60	3	2024-10-04 16:19:23.328	2024-10-04 16:19:23.328
b277a525-8e1c-4661-bd52-c5e007684866	b2a1fa12-2d08-4c42-8b22-bb1417ba7384	5eef4dda-7ee6-4911-84d2-1dcbcd1ae068	4dd0bd65-3a1f-4567-8dfd-e3318bf60c8c	60	3	2024-10-04 16:19:23.328	2024-10-04 16:19:23.328
e1577bf1-f258-4714-9bea-86b8027c7ee4	b2a1fa12-2d08-4c42-8b22-bb1417ba7384	3b50f961-037f-48dd-92f3-92c63852b42d	4dd0bd65-3a1f-4567-8dfd-e3318bf60c8c	60	3	2024-10-04 16:19:23.328	2024-10-04 16:19:23.328
3182be52-c767-45a5-8d2b-44aaa2bb31a6	b2a1fa12-2d08-4c42-8b22-bb1417ba7384	b8157cab-5dad-409b-82e1-51ee67ba4ee9	079b6a6f-a1b4-4ccf-b36d-beb68c9830ce	60	3	2024-10-04 16:19:23.328	2024-10-04 16:19:23.328
4a87788e-ba00-41cd-961a-03eb3e9f791f	b2a1fa12-2d08-4c42-8b22-bb1417ba7384	7a015617-8763-4794-8665-e5a79cfb3de5	079b6a6f-a1b4-4ccf-b36d-beb68c9830ce	60	3	2024-10-04 16:19:23.328	2024-10-04 16:19:23.328
8dae7470-97aa-4c80-928e-0f10a9595382	b2a1fa12-2d08-4c42-8b22-bb1417ba7384	b166a178-cd80-4b64-870e-0165c624ce1c	079b6a6f-a1b4-4ccf-b36d-beb68c9830ce	60	3	2024-10-04 16:19:23.328	2024-10-04 16:19:23.328
66cffbbb-12b9-42fd-b44e-09329bdead82	b2a1fa12-2d08-4c42-8b22-bb1417ba7384	5eef4dda-7ee6-4911-84d2-1dcbcd1ae068	079b6a6f-a1b4-4ccf-b36d-beb68c9830ce	60	3	2024-10-04 16:19:23.328	2024-10-04 16:19:23.328
7b317c86-e9d7-4717-b9b5-141341557923	b2a1fa12-2d08-4c42-8b22-bb1417ba7384	3b50f961-037f-48dd-92f3-92c63852b42d	079b6a6f-a1b4-4ccf-b36d-beb68c9830ce	60	3	2024-10-04 16:19:23.328	2024-10-04 16:19:23.328
ee5d4efc-cf69-48f3-87f5-3f5b68d75784	b2a1fa12-2d08-4c42-8b22-bb1417ba7384	b8157cab-5dad-409b-82e1-51ee67ba4ee9	cf725cb7-085d-4636-adb4-a687d3a9a576	60	3	2024-10-04 16:19:23.328	2024-10-04 16:19:23.328
5ddb4d5a-6698-4fe1-a754-3cc2cda8a9ee	b2a1fa12-2d08-4c42-8b22-bb1417ba7384	7a015617-8763-4794-8665-e5a79cfb3de5	cf725cb7-085d-4636-adb4-a687d3a9a576	60	3	2024-10-04 16:19:23.328	2024-10-04 16:19:23.328
36510aae-738f-4962-8421-e37449b8bbd4	b2a1fa12-2d08-4c42-8b22-bb1417ba7384	b166a178-cd80-4b64-870e-0165c624ce1c	cf725cb7-085d-4636-adb4-a687d3a9a576	60	3	2024-10-04 16:19:23.328	2024-10-04 16:19:23.328
0a27142e-fb24-42ae-83b8-d0133e8952c6	b2a1fa12-2d08-4c42-8b22-bb1417ba7384	5eef4dda-7ee6-4911-84d2-1dcbcd1ae068	cf725cb7-085d-4636-adb4-a687d3a9a576	60	3	2024-10-04 16:19:23.328	2024-10-04 16:19:23.328
ea8cd890-3570-4515-9f51-8a58925ba8b5	b2a1fa12-2d08-4c42-8b22-bb1417ba7384	3b50f961-037f-48dd-92f3-92c63852b42d	cf725cb7-085d-4636-adb4-a687d3a9a576	60	3	2024-10-04 16:19:23.328	2024-10-04 16:19:23.328
f62bbd8b-6d18-4fc8-af2f-846c4091fbd3	b2a1fa12-2d08-4c42-8b22-bb1417ba7384	b8157cab-5dad-409b-82e1-51ee67ba4ee9	ec5b5d4b-40b9-4489-a800-5e31bf329b69	60	3	2024-10-04 16:19:23.328	2024-10-04 16:19:23.328
0cb9ca2f-5f62-42ef-a9a4-f46e7ca3f9ba	b2a1fa12-2d08-4c42-8b22-bb1417ba7384	7a015617-8763-4794-8665-e5a79cfb3de5	ec5b5d4b-40b9-4489-a800-5e31bf329b69	60	3	2024-10-04 16:19:23.328	2024-10-04 16:19:23.328
c1f3370a-f241-4251-82e3-6d94b3c8e800	b2a1fa12-2d08-4c42-8b22-bb1417ba7384	b166a178-cd80-4b64-870e-0165c624ce1c	ec5b5d4b-40b9-4489-a800-5e31bf329b69	60	3	2024-10-04 16:19:23.328	2024-10-04 16:19:23.328
ffb1b9ba-17a7-47cf-afbf-1165c770df40	b2a1fa12-2d08-4c42-8b22-bb1417ba7384	5eef4dda-7ee6-4911-84d2-1dcbcd1ae068	ec5b5d4b-40b9-4489-a800-5e31bf329b69	60	3	2024-10-04 16:19:23.328	2024-10-04 16:19:23.328
10cd08fa-9cf5-4575-ba07-95b2ac019720	b2a1fa12-2d08-4c42-8b22-bb1417ba7384	3b50f961-037f-48dd-92f3-92c63852b42d	ec5b5d4b-40b9-4489-a800-5e31bf329b69	60	3	2024-10-04 16:19:23.328	2024-10-04 16:19:23.328
8f892f63-743d-420a-8dd0-dd093e473097	b2a1fa12-2d08-4c42-8b22-bb1417ba7384	b8157cab-5dad-409b-82e1-51ee67ba4ee9	bff4e367-6faf-4e06-be02-ab9b60d7fb59	60	3	2024-10-04 16:19:23.328	2024-10-04 16:19:23.328
163c9df5-5b32-4c8b-ba2d-20e82ed0c9cc	b2a1fa12-2d08-4c42-8b22-bb1417ba7384	7a015617-8763-4794-8665-e5a79cfb3de5	bff4e367-6faf-4e06-be02-ab9b60d7fb59	60	3	2024-10-04 16:19:23.328	2024-10-04 16:19:23.328
bdbcc314-2cd6-4276-a58b-5fd84f5b3501	b2a1fa12-2d08-4c42-8b22-bb1417ba7384	b166a178-cd80-4b64-870e-0165c624ce1c	bff4e367-6faf-4e06-be02-ab9b60d7fb59	60	3	2024-10-04 16:19:23.328	2024-10-04 16:19:23.328
15dfd36a-4542-48d6-a0a2-f56bdde56a41	b2a1fa12-2d08-4c42-8b22-bb1417ba7384	5eef4dda-7ee6-4911-84d2-1dcbcd1ae068	bff4e367-6faf-4e06-be02-ab9b60d7fb59	60	3	2024-10-04 16:19:23.328	2024-10-04 16:19:23.328
3cc2ff07-8b9e-405f-9f1c-acdba0ecfede	b2a1fa12-2d08-4c42-8b22-bb1417ba7384	3b50f961-037f-48dd-92f3-92c63852b42d	bff4e367-6faf-4e06-be02-ab9b60d7fb59	60	3	2024-10-04 16:19:23.328	2024-10-04 16:19:23.328
91e4f089-e4b1-47f1-9c96-e4973a0efcb2	b2a1fa12-2d08-4c42-8b22-bb1417ba7384	b8157cab-5dad-409b-82e1-51ee67ba4ee9	1282e0d3-bfae-4822-b4bd-0ac0077a40c3	60	3	2024-10-04 16:19:23.328	2024-10-04 16:19:23.328
d20fdf93-7f34-487b-a7f5-fde936f9b91c	b2a1fa12-2d08-4c42-8b22-bb1417ba7384	7a015617-8763-4794-8665-e5a79cfb3de5	1282e0d3-bfae-4822-b4bd-0ac0077a40c3	60	3	2024-10-04 16:19:23.328	2024-10-04 16:19:23.328
71bb8eaf-ccf2-40b2-b524-e4d4dbda6deb	b2a1fa12-2d08-4c42-8b22-bb1417ba7384	b166a178-cd80-4b64-870e-0165c624ce1c	1282e0d3-bfae-4822-b4bd-0ac0077a40c3	60	3	2024-10-04 16:19:23.328	2024-10-04 16:19:23.328
9975b212-b474-47a8-a054-267b0648c2cb	b2a1fa12-2d08-4c42-8b22-bb1417ba7384	5eef4dda-7ee6-4911-84d2-1dcbcd1ae068	1282e0d3-bfae-4822-b4bd-0ac0077a40c3	60	3	2024-10-04 16:19:23.328	2024-10-04 16:19:23.328
3faea00e-db7d-4e83-8ade-2caea5363542	b2a1fa12-2d08-4c42-8b22-bb1417ba7384	3b50f961-037f-48dd-92f3-92c63852b42d	1282e0d3-bfae-4822-b4bd-0ac0077a40c3	60	3	2024-10-04 16:19:23.328	2024-10-04 16:19:23.328
bf3c1ea6-19bc-4145-b034-f10adda88309	bd5487a1-88d1-4fcc-92c2-b1517e109ee2	b8157cab-5dad-409b-82e1-51ee67ba4ee9	09255816-e91d-4c97-a9a0-4a5c00484906	60	3	2024-10-04 16:19:23.328	2024-10-04 16:19:23.328
c3be2f3a-b686-4051-9561-3c42a11f5fe5	bd5487a1-88d1-4fcc-92c2-b1517e109ee2	7a015617-8763-4794-8665-e5a79cfb3de5	09255816-e91d-4c97-a9a0-4a5c00484906	60	3	2024-10-04 16:19:23.328	2024-10-04 16:19:23.328
31fe7558-79e6-40c0-b12a-5d8bf511721d	bd5487a1-88d1-4fcc-92c2-b1517e109ee2	b166a178-cd80-4b64-870e-0165c624ce1c	09255816-e91d-4c97-a9a0-4a5c00484906	60	3	2024-10-04 16:19:23.328	2024-10-04 16:19:23.328
42537435-b221-4b46-8dcd-4a3169124b0d	bd5487a1-88d1-4fcc-92c2-b1517e109ee2	5eef4dda-7ee6-4911-84d2-1dcbcd1ae068	09255816-e91d-4c97-a9a0-4a5c00484906	60	3	2024-10-04 16:19:23.328	2024-10-04 16:19:23.328
4864f2c4-b233-4906-8587-a1ba7b125869	bd5487a1-88d1-4fcc-92c2-b1517e109ee2	3b50f961-037f-48dd-92f3-92c63852b42d	09255816-e91d-4c97-a9a0-4a5c00484906	60	3	2024-10-04 16:19:23.328	2024-10-04 16:19:23.328
fad562d5-2ced-4bc8-b33b-b7f6bad2a194	bd5487a1-88d1-4fcc-92c2-b1517e109ee2	b8157cab-5dad-409b-82e1-51ee67ba4ee9	9141659f-6f88-49ac-b676-ce4daab61697	60	3	2024-10-04 16:19:23.328	2024-10-04 16:19:23.328
97c400dd-1a00-453f-baea-588ee11c8cbe	bd5487a1-88d1-4fcc-92c2-b1517e109ee2	7a015617-8763-4794-8665-e5a79cfb3de5	9141659f-6f88-49ac-b676-ce4daab61697	60	3	2024-10-04 16:19:23.328	2024-10-04 16:19:23.328
cb555ac7-ac79-4bd2-a079-ec47217387f7	bd5487a1-88d1-4fcc-92c2-b1517e109ee2	b166a178-cd80-4b64-870e-0165c624ce1c	9141659f-6f88-49ac-b676-ce4daab61697	60	3	2024-10-04 16:19:23.328	2024-10-04 16:19:23.328
ddf5e9c8-f799-43a2-86bf-741b5d2c0490	bd5487a1-88d1-4fcc-92c2-b1517e109ee2	5eef4dda-7ee6-4911-84d2-1dcbcd1ae068	9141659f-6f88-49ac-b676-ce4daab61697	60	3	2024-10-04 16:19:23.328	2024-10-04 16:19:23.328
bbe74055-2cc7-4e01-84ce-5e31bac333ec	bd5487a1-88d1-4fcc-92c2-b1517e109ee2	3b50f961-037f-48dd-92f3-92c63852b42d	9141659f-6f88-49ac-b676-ce4daab61697	60	3	2024-10-04 16:19:23.328	2024-10-04 16:19:23.328
0687ad5d-ea27-4360-8b19-836dbfe07a08	bd5487a1-88d1-4fcc-92c2-b1517e109ee2	b8157cab-5dad-409b-82e1-51ee67ba4ee9	ae43ed5c-5335-4526-a63b-cbe62ccd9d22	60	3	2024-10-04 16:19:23.328	2024-10-04 16:19:23.328
1cbfb337-2f97-4a3b-a975-a6e456c4eded	bd5487a1-88d1-4fcc-92c2-b1517e109ee2	7a015617-8763-4794-8665-e5a79cfb3de5	ae43ed5c-5335-4526-a63b-cbe62ccd9d22	60	3	2024-10-04 16:19:23.328	2024-10-04 16:19:23.328
3bbd7973-2e81-4f23-8428-efcfb0d53745	bd5487a1-88d1-4fcc-92c2-b1517e109ee2	b166a178-cd80-4b64-870e-0165c624ce1c	ae43ed5c-5335-4526-a63b-cbe62ccd9d22	60	3	2024-10-04 16:19:23.328	2024-10-04 16:19:23.328
bde19b3d-5363-4428-a74a-84a7d96d5162	bd5487a1-88d1-4fcc-92c2-b1517e109ee2	5eef4dda-7ee6-4911-84d2-1dcbcd1ae068	ae43ed5c-5335-4526-a63b-cbe62ccd9d22	60	3	2024-10-04 16:19:23.328	2024-10-04 16:19:23.328
fbdc09d4-0389-4567-a84e-d15d85eed3d0	bd5487a1-88d1-4fcc-92c2-b1517e109ee2	3b50f961-037f-48dd-92f3-92c63852b42d	ae43ed5c-5335-4526-a63b-cbe62ccd9d22	60	3	2024-10-04 16:19:23.328	2024-10-04 16:19:23.328
28a1929b-500d-4a0a-9815-95ff51329326	bd5487a1-88d1-4fcc-92c2-b1517e109ee2	b8157cab-5dad-409b-82e1-51ee67ba4ee9	7b66d5b2-b201-4298-a632-01236163a344	60	3	2024-10-04 16:19:23.328	2024-10-04 16:19:23.328
50f15a6f-0661-4b57-b5f5-df9cfb090961	bd5487a1-88d1-4fcc-92c2-b1517e109ee2	7a015617-8763-4794-8665-e5a79cfb3de5	7b66d5b2-b201-4298-a632-01236163a344	60	3	2024-10-04 16:19:23.328	2024-10-04 16:19:23.328
eb5e67b0-254f-4353-b04f-6100b004bb59	bd5487a1-88d1-4fcc-92c2-b1517e109ee2	b166a178-cd80-4b64-870e-0165c624ce1c	7b66d5b2-b201-4298-a632-01236163a344	60	3	2024-10-04 16:19:23.328	2024-10-04 16:19:23.328
b3f31258-5c1f-4a3b-af9f-e65f5185b08d	bd5487a1-88d1-4fcc-92c2-b1517e109ee2	5eef4dda-7ee6-4911-84d2-1dcbcd1ae068	7b66d5b2-b201-4298-a632-01236163a344	60	3	2024-10-04 16:19:23.328	2024-10-04 16:19:23.328
5c900e8b-1856-4d96-9183-bb43c56fd018	bd5487a1-88d1-4fcc-92c2-b1517e109ee2	3b50f961-037f-48dd-92f3-92c63852b42d	7b66d5b2-b201-4298-a632-01236163a344	60	3	2024-10-04 16:19:23.328	2024-10-04 16:19:23.328
09903434-1487-439b-a8b0-65ea50335ba8	bd5487a1-88d1-4fcc-92c2-b1517e109ee2	b8157cab-5dad-409b-82e1-51ee67ba4ee9	baf28813-32de-4785-a3fa-7f73a7002bba	60	3	2024-10-04 16:19:23.328	2024-10-04 16:19:23.328
e05c2653-d98c-43a3-a0ed-b2737b9a6ad8	bd5487a1-88d1-4fcc-92c2-b1517e109ee2	7a015617-8763-4794-8665-e5a79cfb3de5	baf28813-32de-4785-a3fa-7f73a7002bba	60	3	2024-10-04 16:19:23.328	2024-10-04 16:19:23.328
4b78aa59-fa6f-4f6b-8650-a2d86e8cbd30	bd5487a1-88d1-4fcc-92c2-b1517e109ee2	b166a178-cd80-4b64-870e-0165c624ce1c	baf28813-32de-4785-a3fa-7f73a7002bba	60	3	2024-10-04 16:19:23.328	2024-10-04 16:19:23.328
cecf6422-800b-4b6f-adc8-380bc5769089	bd5487a1-88d1-4fcc-92c2-b1517e109ee2	5eef4dda-7ee6-4911-84d2-1dcbcd1ae068	baf28813-32de-4785-a3fa-7f73a7002bba	60	3	2024-10-04 16:19:23.328	2024-10-04 16:19:23.328
85b319b4-55f9-4d1f-a446-cb8e3f08cad3	bd5487a1-88d1-4fcc-92c2-b1517e109ee2	3b50f961-037f-48dd-92f3-92c63852b42d	baf28813-32de-4785-a3fa-7f73a7002bba	60	3	2024-10-04 16:19:23.328	2024-10-04 16:19:23.328
4b5ea430-60ca-4cfa-8b7e-463011697dbf	bd5487a1-88d1-4fcc-92c2-b1517e109ee2	b8157cab-5dad-409b-82e1-51ee67ba4ee9	e4939b45-40c7-44cc-ad6a-a50fa7a955e6	60	3	2024-10-04 16:19:23.328	2024-10-04 16:19:23.328
91292c6e-4580-4e78-bf59-66249f1e6820	bd5487a1-88d1-4fcc-92c2-b1517e109ee2	7a015617-8763-4794-8665-e5a79cfb3de5	e4939b45-40c7-44cc-ad6a-a50fa7a955e6	60	3	2024-10-04 16:19:23.328	2024-10-04 16:19:23.328
2fdf3499-829d-46ae-95e5-2f4708fed49d	bd5487a1-88d1-4fcc-92c2-b1517e109ee2	b166a178-cd80-4b64-870e-0165c624ce1c	e4939b45-40c7-44cc-ad6a-a50fa7a955e6	60	3	2024-10-04 16:19:23.328	2024-10-04 16:19:23.328
b7b38753-7ecb-4596-8a98-af16a9cc0ccc	bd5487a1-88d1-4fcc-92c2-b1517e109ee2	5eef4dda-7ee6-4911-84d2-1dcbcd1ae068	e4939b45-40c7-44cc-ad6a-a50fa7a955e6	60	3	2024-10-04 16:19:23.328	2024-10-04 16:19:23.328
8480268e-595b-4b80-a6ec-ad4c65a1b79c	bd5487a1-88d1-4fcc-92c2-b1517e109ee2	3b50f961-037f-48dd-92f3-92c63852b42d	e4939b45-40c7-44cc-ad6a-a50fa7a955e6	60	3	2024-10-04 16:19:23.328	2024-10-04 16:19:23.328
68caacac-d7b5-4f45-9089-c7c4a9afecab	bd5487a1-88d1-4fcc-92c2-b1517e109ee2	b8157cab-5dad-409b-82e1-51ee67ba4ee9	3efc8e53-5681-4931-a050-151c55385329	60	3	2024-10-04 16:19:23.328	2024-10-04 16:19:23.328
32a7f554-e7a1-4eba-bbb5-4180a7bc20a6	bd5487a1-88d1-4fcc-92c2-b1517e109ee2	7a015617-8763-4794-8665-e5a79cfb3de5	3efc8e53-5681-4931-a050-151c55385329	60	3	2024-10-04 16:19:23.328	2024-10-04 16:19:23.328
a1f23397-85b8-4d71-be45-0296293cff20	bd5487a1-88d1-4fcc-92c2-b1517e109ee2	b166a178-cd80-4b64-870e-0165c624ce1c	3efc8e53-5681-4931-a050-151c55385329	60	3	2024-10-04 16:19:23.328	2024-10-04 16:19:23.328
ae77b081-f75d-4f8d-b411-deaf722b233b	bd5487a1-88d1-4fcc-92c2-b1517e109ee2	5eef4dda-7ee6-4911-84d2-1dcbcd1ae068	3efc8e53-5681-4931-a050-151c55385329	60	3	2024-10-04 16:19:23.328	2024-10-04 16:19:23.328
7fa3cf6d-5fbb-45d5-b01d-976388a8a467	bd5487a1-88d1-4fcc-92c2-b1517e109ee2	3b50f961-037f-48dd-92f3-92c63852b42d	3efc8e53-5681-4931-a050-151c55385329	60	3	2024-10-04 16:19:23.328	2024-10-04 16:19:23.328
73d7be5e-3e84-45bb-a44f-a6cd257c640d	bd5487a1-88d1-4fcc-92c2-b1517e109ee2	b8157cab-5dad-409b-82e1-51ee67ba4ee9	5ea4e6ee-fea7-4d4f-8783-9f6eb480b8bc	60	3	2024-10-04 16:19:23.328	2024-10-04 16:19:23.328
1400f3fe-578c-455c-b688-b1d6a9c5b29f	bd5487a1-88d1-4fcc-92c2-b1517e109ee2	7a015617-8763-4794-8665-e5a79cfb3de5	5ea4e6ee-fea7-4d4f-8783-9f6eb480b8bc	60	3	2024-10-04 16:19:23.328	2024-10-04 16:19:23.328
3641c4d2-5eb4-4ee6-8df2-e2f1414c4d6c	bd5487a1-88d1-4fcc-92c2-b1517e109ee2	b166a178-cd80-4b64-870e-0165c624ce1c	5ea4e6ee-fea7-4d4f-8783-9f6eb480b8bc	60	3	2024-10-04 16:19:23.328	2024-10-04 16:19:23.328
39743406-d7e8-45be-811a-7da32241fc68	bd5487a1-88d1-4fcc-92c2-b1517e109ee2	5eef4dda-7ee6-4911-84d2-1dcbcd1ae068	5ea4e6ee-fea7-4d4f-8783-9f6eb480b8bc	60	3	2024-10-04 16:19:23.328	2024-10-04 16:19:23.328
8b17b085-b93a-40dc-8505-dc6813aebd2c	bd5487a1-88d1-4fcc-92c2-b1517e109ee2	3b50f961-037f-48dd-92f3-92c63852b42d	5ea4e6ee-fea7-4d4f-8783-9f6eb480b8bc	60	3	2024-10-04 16:19:23.328	2024-10-04 16:19:23.328
89ba0e59-16d3-4bb0-b572-502402d5515b	bd5487a1-88d1-4fcc-92c2-b1517e109ee2	b8157cab-5dad-409b-82e1-51ee67ba4ee9	fc425912-bda2-4de8-b868-620342c2ef13	60	3	2024-10-04 16:19:23.328	2024-10-04 16:19:23.328
26c259ec-18e7-4413-9f37-47e01f0505db	bd5487a1-88d1-4fcc-92c2-b1517e109ee2	7a015617-8763-4794-8665-e5a79cfb3de5	fc425912-bda2-4de8-b868-620342c2ef13	60	3	2024-10-04 16:19:23.328	2024-10-04 16:19:23.328
2884f815-295f-4de5-b7ec-d3ad8972d886	bd5487a1-88d1-4fcc-92c2-b1517e109ee2	b166a178-cd80-4b64-870e-0165c624ce1c	fc425912-bda2-4de8-b868-620342c2ef13	60	3	2024-10-04 16:19:23.328	2024-10-04 16:19:23.328
12576bfb-af49-44b7-86a9-ce3e7311d05f	bd5487a1-88d1-4fcc-92c2-b1517e109ee2	5eef4dda-7ee6-4911-84d2-1dcbcd1ae068	fc425912-bda2-4de8-b868-620342c2ef13	60	3	2024-10-04 16:19:23.328	2024-10-04 16:19:23.328
aaf45d2b-3052-4aec-bd49-8d06406bc4b9	bd5487a1-88d1-4fcc-92c2-b1517e109ee2	3b50f961-037f-48dd-92f3-92c63852b42d	fc425912-bda2-4de8-b868-620342c2ef13	60	3	2024-10-04 16:19:23.328	2024-10-04 16:19:23.328
17f24462-d244-418f-830a-2ea0c46052ec	bd5487a1-88d1-4fcc-92c2-b1517e109ee2	b8157cab-5dad-409b-82e1-51ee67ba4ee9	c0c1b2e9-904f-445f-9608-a1e0686fc906	60	3	2024-10-04 16:19:23.328	2024-10-04 16:19:23.328
13e89c46-eb3f-460d-9686-321a4ecf20e2	bd5487a1-88d1-4fcc-92c2-b1517e109ee2	7a015617-8763-4794-8665-e5a79cfb3de5	c0c1b2e9-904f-445f-9608-a1e0686fc906	60	3	2024-10-04 16:19:23.328	2024-10-04 16:19:23.328
625bc079-765d-4704-ba85-bd32acd390f5	bd5487a1-88d1-4fcc-92c2-b1517e109ee2	b166a178-cd80-4b64-870e-0165c624ce1c	c0c1b2e9-904f-445f-9608-a1e0686fc906	60	3	2024-10-04 16:19:23.328	2024-10-04 16:19:23.328
81b75155-534f-4131-81cd-a3dc2a7d36c3	bd5487a1-88d1-4fcc-92c2-b1517e109ee2	5eef4dda-7ee6-4911-84d2-1dcbcd1ae068	c0c1b2e9-904f-445f-9608-a1e0686fc906	60	3	2024-10-04 16:19:23.328	2024-10-04 16:19:23.328
096c648d-887f-4df6-90e1-66457b1d2b4b	bd5487a1-88d1-4fcc-92c2-b1517e109ee2	3b50f961-037f-48dd-92f3-92c63852b42d	c0c1b2e9-904f-445f-9608-a1e0686fc906	60	3	2024-10-04 16:19:23.328	2024-10-04 16:19:23.328
091d4b2d-82ca-45ff-99e2-2444edbeba87	bd5487a1-88d1-4fcc-92c2-b1517e109ee2	b8157cab-5dad-409b-82e1-51ee67ba4ee9	b4e3221b-5b89-43ad-8463-3ec530478783	60	3	2024-10-04 16:19:23.328	2024-10-04 16:19:23.328
237f731b-78f8-4ba0-a5f0-59780e06ac2e	bd5487a1-88d1-4fcc-92c2-b1517e109ee2	7a015617-8763-4794-8665-e5a79cfb3de5	b4e3221b-5b89-43ad-8463-3ec530478783	60	3	2024-10-04 16:19:23.328	2024-10-04 16:19:23.328
78d2489d-8417-48d8-a42d-fc7187b8ef91	bd5487a1-88d1-4fcc-92c2-b1517e109ee2	b166a178-cd80-4b64-870e-0165c624ce1c	b4e3221b-5b89-43ad-8463-3ec530478783	60	3	2024-10-04 16:19:23.328	2024-10-04 16:19:23.328
7d44a863-4335-4f9b-b9bf-a044d3735c69	bd5487a1-88d1-4fcc-92c2-b1517e109ee2	5eef4dda-7ee6-4911-84d2-1dcbcd1ae068	b4e3221b-5b89-43ad-8463-3ec530478783	60	3	2024-10-04 16:19:23.328	2024-10-04 16:19:23.328
c5f4284e-843f-4abb-8768-3fa6048239a3	bd5487a1-88d1-4fcc-92c2-b1517e109ee2	3b50f961-037f-48dd-92f3-92c63852b42d	b4e3221b-5b89-43ad-8463-3ec530478783	60	3	2024-10-04 16:19:23.328	2024-10-04 16:19:23.328
f727d8e2-6302-41fd-8cac-2b79522fe742	bd5487a1-88d1-4fcc-92c2-b1517e109ee2	b8157cab-5dad-409b-82e1-51ee67ba4ee9	a1019ce6-c83b-4c20-9ad2-0bd6e2309d51	60	3	2024-10-04 16:19:23.328	2024-10-04 16:19:23.328
bcd333d9-0497-4557-80e2-85054a975ea0	bd5487a1-88d1-4fcc-92c2-b1517e109ee2	7a015617-8763-4794-8665-e5a79cfb3de5	a1019ce6-c83b-4c20-9ad2-0bd6e2309d51	60	3	2024-10-04 16:19:23.328	2024-10-04 16:19:23.328
7cc6ec46-70c4-4e4e-bdd1-875173c66d0b	bd5487a1-88d1-4fcc-92c2-b1517e109ee2	b166a178-cd80-4b64-870e-0165c624ce1c	a1019ce6-c83b-4c20-9ad2-0bd6e2309d51	60	3	2024-10-04 16:19:23.328	2024-10-04 16:19:23.328
38bc13ce-ca9d-45b2-9380-a1a1432d815d	bd5487a1-88d1-4fcc-92c2-b1517e109ee2	5eef4dda-7ee6-4911-84d2-1dcbcd1ae068	a1019ce6-c83b-4c20-9ad2-0bd6e2309d51	60	3	2024-10-04 16:19:23.328	2024-10-04 16:19:23.328
fbacd89d-9c89-4ad4-91ab-8075699a5e30	bd5487a1-88d1-4fcc-92c2-b1517e109ee2	3b50f961-037f-48dd-92f3-92c63852b42d	a1019ce6-c83b-4c20-9ad2-0bd6e2309d51	60	3	2024-10-04 16:19:23.328	2024-10-04 16:19:23.328
0274c396-e600-4f1d-8dc3-7c8b55720ce7	bd5487a1-88d1-4fcc-92c2-b1517e109ee2	b8157cab-5dad-409b-82e1-51ee67ba4ee9	a4874b0b-10c2-42fc-befa-ba5e0a508525	60	3	2024-10-04 16:19:23.328	2024-10-04 16:19:23.328
5b9ef51e-e757-4a30-8747-91348fceeb2e	bd5487a1-88d1-4fcc-92c2-b1517e109ee2	7a015617-8763-4794-8665-e5a79cfb3de5	a4874b0b-10c2-42fc-befa-ba5e0a508525	60	3	2024-10-04 16:19:23.328	2024-10-04 16:19:23.328
7d1c88de-d0c6-43c3-aaa0-0c3449dafb95	bd5487a1-88d1-4fcc-92c2-b1517e109ee2	b166a178-cd80-4b64-870e-0165c624ce1c	a4874b0b-10c2-42fc-befa-ba5e0a508525	60	3	2024-10-04 16:19:23.328	2024-10-04 16:19:23.328
c752ad8f-74d7-456c-b9da-7fbfe070ad67	bd5487a1-88d1-4fcc-92c2-b1517e109ee2	5eef4dda-7ee6-4911-84d2-1dcbcd1ae068	a4874b0b-10c2-42fc-befa-ba5e0a508525	60	3	2024-10-04 16:19:23.328	2024-10-04 16:19:23.328
2043e035-80f2-4174-a640-6ce5037fe724	bd5487a1-88d1-4fcc-92c2-b1517e109ee2	3b50f961-037f-48dd-92f3-92c63852b42d	a4874b0b-10c2-42fc-befa-ba5e0a508525	60	3	2024-10-04 16:19:23.328	2024-10-04 16:19:23.328
a6d3ecb1-5e9f-465b-bbee-7c34097f68a9	bd5487a1-88d1-4fcc-92c2-b1517e109ee2	b8157cab-5dad-409b-82e1-51ee67ba4ee9	642081d7-4939-48d3-9ca9-2a231a914e94	60	3	2024-10-04 16:19:23.328	2024-10-04 16:19:23.328
31d2a856-f7e5-4113-8a1b-e9360aa9066d	bd5487a1-88d1-4fcc-92c2-b1517e109ee2	7a015617-8763-4794-8665-e5a79cfb3de5	642081d7-4939-48d3-9ca9-2a231a914e94	60	3	2024-10-04 16:19:23.328	2024-10-04 16:19:23.328
aae99a3c-ea80-4313-b2cb-2b1e812900c1	bd5487a1-88d1-4fcc-92c2-b1517e109ee2	b166a178-cd80-4b64-870e-0165c624ce1c	642081d7-4939-48d3-9ca9-2a231a914e94	60	3	2024-10-04 16:19:23.328	2024-10-04 16:19:23.328
21d19dd3-3fee-4925-963b-601936db49f9	bd5487a1-88d1-4fcc-92c2-b1517e109ee2	5eef4dda-7ee6-4911-84d2-1dcbcd1ae068	642081d7-4939-48d3-9ca9-2a231a914e94	60	3	2024-10-04 16:19:23.328	2024-10-04 16:19:23.328
fad15b7f-05c8-41b3-9d7f-c1dca72fd9b3	bd5487a1-88d1-4fcc-92c2-b1517e109ee2	3b50f961-037f-48dd-92f3-92c63852b42d	642081d7-4939-48d3-9ca9-2a231a914e94	60	3	2024-10-04 16:19:23.328	2024-10-04 16:19:23.328
f1847334-175d-4a75-a4e6-965eab06fb5d	bd5487a1-88d1-4fcc-92c2-b1517e109ee2	b8157cab-5dad-409b-82e1-51ee67ba4ee9	4dd0bd65-3a1f-4567-8dfd-e3318bf60c8c	60	3	2024-10-04 16:19:23.328	2024-10-04 16:19:23.328
ab4dd719-bdd9-4e8e-8203-5f9f5eb54728	bd5487a1-88d1-4fcc-92c2-b1517e109ee2	7a015617-8763-4794-8665-e5a79cfb3de5	4dd0bd65-3a1f-4567-8dfd-e3318bf60c8c	60	3	2024-10-04 16:19:23.328	2024-10-04 16:19:23.328
93521189-4065-4b5b-ade1-55db435df65f	bd5487a1-88d1-4fcc-92c2-b1517e109ee2	b166a178-cd80-4b64-870e-0165c624ce1c	4dd0bd65-3a1f-4567-8dfd-e3318bf60c8c	60	3	2024-10-04 16:19:23.328	2024-10-04 16:19:23.328
716db68d-e0bd-4179-8b6e-d7416b83bcad	bd5487a1-88d1-4fcc-92c2-b1517e109ee2	5eef4dda-7ee6-4911-84d2-1dcbcd1ae068	4dd0bd65-3a1f-4567-8dfd-e3318bf60c8c	60	3	2024-10-04 16:19:23.328	2024-10-04 16:19:23.328
3d57ae6f-f1cd-4e42-9f95-78efda2c812e	bd5487a1-88d1-4fcc-92c2-b1517e109ee2	3b50f961-037f-48dd-92f3-92c63852b42d	4dd0bd65-3a1f-4567-8dfd-e3318bf60c8c	60	3	2024-10-04 16:19:23.328	2024-10-04 16:19:23.328
56071bb5-379e-4235-9545-c320fa03be71	bd5487a1-88d1-4fcc-92c2-b1517e109ee2	b8157cab-5dad-409b-82e1-51ee67ba4ee9	079b6a6f-a1b4-4ccf-b36d-beb68c9830ce	60	3	2024-10-04 16:19:23.328	2024-10-04 16:19:23.328
1d8cf08b-c294-4c27-b268-869c7a57ac28	bd5487a1-88d1-4fcc-92c2-b1517e109ee2	7a015617-8763-4794-8665-e5a79cfb3de5	079b6a6f-a1b4-4ccf-b36d-beb68c9830ce	60	3	2024-10-04 16:19:23.328	2024-10-04 16:19:23.328
a6665c24-51fa-492c-84d0-da10e4d33667	bd5487a1-88d1-4fcc-92c2-b1517e109ee2	b166a178-cd80-4b64-870e-0165c624ce1c	079b6a6f-a1b4-4ccf-b36d-beb68c9830ce	60	3	2024-10-04 16:19:23.328	2024-10-04 16:19:23.328
30e2fbf8-d7bf-4848-a903-fcb595854d70	bd5487a1-88d1-4fcc-92c2-b1517e109ee2	5eef4dda-7ee6-4911-84d2-1dcbcd1ae068	079b6a6f-a1b4-4ccf-b36d-beb68c9830ce	60	3	2024-10-04 16:19:23.328	2024-10-04 16:19:23.328
e01501ae-0776-4aea-a4d6-3d8c9691b75f	bd5487a1-88d1-4fcc-92c2-b1517e109ee2	3b50f961-037f-48dd-92f3-92c63852b42d	079b6a6f-a1b4-4ccf-b36d-beb68c9830ce	60	3	2024-10-04 16:19:23.328	2024-10-04 16:19:23.328
20589bd8-de41-458b-857a-d11fb11ddd4f	bd5487a1-88d1-4fcc-92c2-b1517e109ee2	b8157cab-5dad-409b-82e1-51ee67ba4ee9	cf725cb7-085d-4636-adb4-a687d3a9a576	60	3	2024-10-04 16:19:23.328	2024-10-04 16:19:23.328
d3191bf1-e757-4806-b0e4-0ecdbcdc9b63	bd5487a1-88d1-4fcc-92c2-b1517e109ee2	7a015617-8763-4794-8665-e5a79cfb3de5	cf725cb7-085d-4636-adb4-a687d3a9a576	60	3	2024-10-04 16:19:23.328	2024-10-04 16:19:23.328
0c727eef-108e-43be-823e-1706410a0eb5	bd5487a1-88d1-4fcc-92c2-b1517e109ee2	b166a178-cd80-4b64-870e-0165c624ce1c	cf725cb7-085d-4636-adb4-a687d3a9a576	60	3	2024-10-04 16:19:23.328	2024-10-04 16:19:23.328
2750c410-9fc2-40ea-bd98-42deaa2800ea	bd5487a1-88d1-4fcc-92c2-b1517e109ee2	5eef4dda-7ee6-4911-84d2-1dcbcd1ae068	cf725cb7-085d-4636-adb4-a687d3a9a576	60	3	2024-10-04 16:19:23.328	2024-10-04 16:19:23.328
28b93a6e-c721-4b39-b219-b45443677338	bd5487a1-88d1-4fcc-92c2-b1517e109ee2	3b50f961-037f-48dd-92f3-92c63852b42d	cf725cb7-085d-4636-adb4-a687d3a9a576	60	3	2024-10-04 16:19:23.328	2024-10-04 16:19:23.328
59649e1f-d8f8-4ff8-89cb-6c7f878867d3	bd5487a1-88d1-4fcc-92c2-b1517e109ee2	b8157cab-5dad-409b-82e1-51ee67ba4ee9	ec5b5d4b-40b9-4489-a800-5e31bf329b69	60	3	2024-10-04 16:19:23.328	2024-10-04 16:19:23.328
2f55a1a1-9073-4893-8a28-a0bef6958cba	bd5487a1-88d1-4fcc-92c2-b1517e109ee2	7a015617-8763-4794-8665-e5a79cfb3de5	ec5b5d4b-40b9-4489-a800-5e31bf329b69	60	3	2024-10-04 16:19:23.328	2024-10-04 16:19:23.328
0b2c72bf-0184-4bbf-8c90-ebe5869b77b7	bd5487a1-88d1-4fcc-92c2-b1517e109ee2	b166a178-cd80-4b64-870e-0165c624ce1c	ec5b5d4b-40b9-4489-a800-5e31bf329b69	60	3	2024-10-04 16:19:23.328	2024-10-04 16:19:23.328
fdc925e4-6917-430a-b431-e7241b0849f1	bd5487a1-88d1-4fcc-92c2-b1517e109ee2	5eef4dda-7ee6-4911-84d2-1dcbcd1ae068	ec5b5d4b-40b9-4489-a800-5e31bf329b69	60	3	2024-10-04 16:19:23.328	2024-10-04 16:19:23.328
7dbc3054-aec6-4499-9084-12555741580d	bd5487a1-88d1-4fcc-92c2-b1517e109ee2	3b50f961-037f-48dd-92f3-92c63852b42d	ec5b5d4b-40b9-4489-a800-5e31bf329b69	60	3	2024-10-04 16:19:23.328	2024-10-04 16:19:23.328
b1888b2b-8d9f-4d9b-82bb-b4477c666657	bd5487a1-88d1-4fcc-92c2-b1517e109ee2	b8157cab-5dad-409b-82e1-51ee67ba4ee9	bff4e367-6faf-4e06-be02-ab9b60d7fb59	60	3	2024-10-04 16:19:23.328	2024-10-04 16:19:23.328
9f9c4425-6cde-40e8-ba9d-d9401a794036	bd5487a1-88d1-4fcc-92c2-b1517e109ee2	7a015617-8763-4794-8665-e5a79cfb3de5	bff4e367-6faf-4e06-be02-ab9b60d7fb59	60	3	2024-10-04 16:19:23.328	2024-10-04 16:19:23.328
caf1da36-cf52-44ea-bba1-af82104a381b	bd5487a1-88d1-4fcc-92c2-b1517e109ee2	b166a178-cd80-4b64-870e-0165c624ce1c	bff4e367-6faf-4e06-be02-ab9b60d7fb59	60	3	2024-10-04 16:19:23.328	2024-10-04 16:19:23.328
26041e29-fc8a-466e-bdf5-6d55c347e9ce	bd5487a1-88d1-4fcc-92c2-b1517e109ee2	5eef4dda-7ee6-4911-84d2-1dcbcd1ae068	bff4e367-6faf-4e06-be02-ab9b60d7fb59	60	3	2024-10-04 16:19:23.328	2024-10-04 16:19:23.328
80732f45-a99e-4824-a9e6-cd77fc5ceccf	bd5487a1-88d1-4fcc-92c2-b1517e109ee2	3b50f961-037f-48dd-92f3-92c63852b42d	bff4e367-6faf-4e06-be02-ab9b60d7fb59	60	3	2024-10-04 16:19:23.328	2024-10-04 16:19:23.328
aaeb6be7-41b6-4e4d-b743-434c84908aee	bd5487a1-88d1-4fcc-92c2-b1517e109ee2	b8157cab-5dad-409b-82e1-51ee67ba4ee9	1282e0d3-bfae-4822-b4bd-0ac0077a40c3	60	3	2024-10-04 16:19:23.328	2024-10-04 16:19:23.328
15318014-6a5c-4086-962c-4a03addd9ca6	bd5487a1-88d1-4fcc-92c2-b1517e109ee2	7a015617-8763-4794-8665-e5a79cfb3de5	1282e0d3-bfae-4822-b4bd-0ac0077a40c3	60	3	2024-10-04 16:19:23.328	2024-10-04 16:19:23.328
eebf86d9-1f6d-4164-8464-87a1abd2e6a1	bd5487a1-88d1-4fcc-92c2-b1517e109ee2	b166a178-cd80-4b64-870e-0165c624ce1c	1282e0d3-bfae-4822-b4bd-0ac0077a40c3	60	3	2024-10-04 16:19:23.328	2024-10-04 16:19:23.328
a9f33697-3c3b-446e-9900-44ef250ea6a8	bd5487a1-88d1-4fcc-92c2-b1517e109ee2	5eef4dda-7ee6-4911-84d2-1dcbcd1ae068	1282e0d3-bfae-4822-b4bd-0ac0077a40c3	60	3	2024-10-04 16:19:23.328	2024-10-04 16:19:23.328
58a20998-6183-4965-ba55-44edf4710655	bd5487a1-88d1-4fcc-92c2-b1517e109ee2	3b50f961-037f-48dd-92f3-92c63852b42d	1282e0d3-bfae-4822-b4bd-0ac0077a40c3	60	3	2024-10-04 16:19:23.328	2024-10-04 16:19:23.328
9133452a-7366-443c-bad0-3ee3d1e5108c	28ec41fc-442a-4488-8665-d34c27411f03	b8157cab-5dad-409b-82e1-51ee67ba4ee9	09255816-e91d-4c97-a9a0-4a5c00484906	60	3	2024-10-04 16:19:23.328	2024-10-04 16:19:23.328
dcd1d726-c4a2-4e1b-9f90-7f443acd174e	28ec41fc-442a-4488-8665-d34c27411f03	7a015617-8763-4794-8665-e5a79cfb3de5	09255816-e91d-4c97-a9a0-4a5c00484906	60	3	2024-10-04 16:19:23.328	2024-10-04 16:19:23.328
a84ada4e-4f6d-46b3-841b-e0286bd15a03	28ec41fc-442a-4488-8665-d34c27411f03	b166a178-cd80-4b64-870e-0165c624ce1c	09255816-e91d-4c97-a9a0-4a5c00484906	60	3	2024-10-04 16:19:23.328	2024-10-04 16:19:23.328
8476a489-0e66-4a2a-b049-a9b5cef42fdc	28ec41fc-442a-4488-8665-d34c27411f03	5eef4dda-7ee6-4911-84d2-1dcbcd1ae068	09255816-e91d-4c97-a9a0-4a5c00484906	60	3	2024-10-04 16:19:23.328	2024-10-04 16:19:23.328
edb78daa-fcf5-445b-98d6-921a656bb628	28ec41fc-442a-4488-8665-d34c27411f03	3b50f961-037f-48dd-92f3-92c63852b42d	09255816-e91d-4c97-a9a0-4a5c00484906	60	3	2024-10-04 16:19:23.328	2024-10-04 16:19:23.328
099a28ac-135b-4c5b-9940-9d0dda2f6ea1	28ec41fc-442a-4488-8665-d34c27411f03	b8157cab-5dad-409b-82e1-51ee67ba4ee9	9141659f-6f88-49ac-b676-ce4daab61697	60	3	2024-10-04 16:19:23.328	2024-10-04 16:19:23.328
03831750-1796-4acc-b758-2e9fa711054f	28ec41fc-442a-4488-8665-d34c27411f03	7a015617-8763-4794-8665-e5a79cfb3de5	9141659f-6f88-49ac-b676-ce4daab61697	60	3	2024-10-04 16:19:23.328	2024-10-04 16:19:23.328
3e5e2a7b-844e-4919-bd87-900496ec459c	28ec41fc-442a-4488-8665-d34c27411f03	b166a178-cd80-4b64-870e-0165c624ce1c	9141659f-6f88-49ac-b676-ce4daab61697	60	3	2024-10-04 16:19:23.328	2024-10-04 16:19:23.328
6768511f-d691-43fb-9c70-37bcc92ac698	28ec41fc-442a-4488-8665-d34c27411f03	5eef4dda-7ee6-4911-84d2-1dcbcd1ae068	9141659f-6f88-49ac-b676-ce4daab61697	60	3	2024-10-04 16:19:23.328	2024-10-04 16:19:23.328
366578f2-0ae8-4fce-87d4-4dbc0b2142dd	28ec41fc-442a-4488-8665-d34c27411f03	3b50f961-037f-48dd-92f3-92c63852b42d	9141659f-6f88-49ac-b676-ce4daab61697	60	3	2024-10-04 16:19:23.328	2024-10-04 16:19:23.328
da8777e0-270a-4767-b19c-09e31ef421bc	28ec41fc-442a-4488-8665-d34c27411f03	b8157cab-5dad-409b-82e1-51ee67ba4ee9	ae43ed5c-5335-4526-a63b-cbe62ccd9d22	60	3	2024-10-04 16:19:23.328	2024-10-04 16:19:23.328
aad9633a-6423-41eb-b991-b4c0ce6a1330	28ec41fc-442a-4488-8665-d34c27411f03	7a015617-8763-4794-8665-e5a79cfb3de5	ae43ed5c-5335-4526-a63b-cbe62ccd9d22	60	3	2024-10-04 16:19:23.328	2024-10-04 16:19:23.328
af062e6c-424e-47e1-bd3c-de974e98d24e	28ec41fc-442a-4488-8665-d34c27411f03	b166a178-cd80-4b64-870e-0165c624ce1c	ae43ed5c-5335-4526-a63b-cbe62ccd9d22	60	3	2024-10-04 16:19:23.328	2024-10-04 16:19:23.328
aae66a29-5a60-479f-88d9-a3a13be330f9	28ec41fc-442a-4488-8665-d34c27411f03	5eef4dda-7ee6-4911-84d2-1dcbcd1ae068	ae43ed5c-5335-4526-a63b-cbe62ccd9d22	60	3	2024-10-04 16:19:23.328	2024-10-04 16:19:23.328
d4e975ca-9c41-44bc-a585-2cf000f532e9	28ec41fc-442a-4488-8665-d34c27411f03	3b50f961-037f-48dd-92f3-92c63852b42d	ae43ed5c-5335-4526-a63b-cbe62ccd9d22	60	3	2024-10-04 16:19:23.328	2024-10-04 16:19:23.328
54bb0f81-112b-4366-98f3-f809c698bb54	28ec41fc-442a-4488-8665-d34c27411f03	b8157cab-5dad-409b-82e1-51ee67ba4ee9	7b66d5b2-b201-4298-a632-01236163a344	60	3	2024-10-04 16:19:23.328	2024-10-04 16:19:23.328
9882a0d7-c5b1-4834-aa15-192599b2ae7f	28ec41fc-442a-4488-8665-d34c27411f03	7a015617-8763-4794-8665-e5a79cfb3de5	7b66d5b2-b201-4298-a632-01236163a344	60	3	2024-10-04 16:19:23.328	2024-10-04 16:19:23.328
11c6a8e4-eddc-4a98-88f3-211a13ee55e4	28ec41fc-442a-4488-8665-d34c27411f03	b166a178-cd80-4b64-870e-0165c624ce1c	7b66d5b2-b201-4298-a632-01236163a344	60	3	2024-10-04 16:19:23.328	2024-10-04 16:19:23.328
69cf3d38-2b1e-4144-a03c-817e9ac42487	28ec41fc-442a-4488-8665-d34c27411f03	5eef4dda-7ee6-4911-84d2-1dcbcd1ae068	7b66d5b2-b201-4298-a632-01236163a344	60	3	2024-10-04 16:19:23.328	2024-10-04 16:19:23.328
3894fbef-9aac-4fbe-8616-07bef394cb5e	28ec41fc-442a-4488-8665-d34c27411f03	3b50f961-037f-48dd-92f3-92c63852b42d	7b66d5b2-b201-4298-a632-01236163a344	60	3	2024-10-04 16:19:23.328	2024-10-04 16:19:23.328
23fcb93f-dd83-463c-91d8-f52eda4b9657	28ec41fc-442a-4488-8665-d34c27411f03	b8157cab-5dad-409b-82e1-51ee67ba4ee9	baf28813-32de-4785-a3fa-7f73a7002bba	60	3	2024-10-04 16:19:23.328	2024-10-04 16:19:23.328
4ff18621-2dde-4b47-b49b-7e32d16215e2	28ec41fc-442a-4488-8665-d34c27411f03	7a015617-8763-4794-8665-e5a79cfb3de5	baf28813-32de-4785-a3fa-7f73a7002bba	60	3	2024-10-04 16:19:23.328	2024-10-04 16:19:23.328
1544699f-6fa0-4d43-99cd-9c045f4beeb1	28ec41fc-442a-4488-8665-d34c27411f03	b166a178-cd80-4b64-870e-0165c624ce1c	baf28813-32de-4785-a3fa-7f73a7002bba	60	3	2024-10-04 16:19:23.328	2024-10-04 16:19:23.328
591efe24-cd41-44c8-b71c-7638715dd18b	28ec41fc-442a-4488-8665-d34c27411f03	5eef4dda-7ee6-4911-84d2-1dcbcd1ae068	baf28813-32de-4785-a3fa-7f73a7002bba	60	3	2024-10-04 16:19:23.328	2024-10-04 16:19:23.328
3ccbd783-eb29-434d-b4fd-28764102224f	28ec41fc-442a-4488-8665-d34c27411f03	3b50f961-037f-48dd-92f3-92c63852b42d	baf28813-32de-4785-a3fa-7f73a7002bba	60	3	2024-10-04 16:19:23.328	2024-10-04 16:19:23.328
05152d6b-2db3-4c45-bf21-d44e2a05a03b	28ec41fc-442a-4488-8665-d34c27411f03	b8157cab-5dad-409b-82e1-51ee67ba4ee9	e4939b45-40c7-44cc-ad6a-a50fa7a955e6	60	3	2024-10-04 16:19:23.328	2024-10-04 16:19:23.328
9b991fa5-635f-4494-8e06-82de5f3d8d4e	28ec41fc-442a-4488-8665-d34c27411f03	7a015617-8763-4794-8665-e5a79cfb3de5	e4939b45-40c7-44cc-ad6a-a50fa7a955e6	60	3	2024-10-04 16:19:23.328	2024-10-04 16:19:23.328
a0581278-2100-4973-8088-278347b175d5	28ec41fc-442a-4488-8665-d34c27411f03	b166a178-cd80-4b64-870e-0165c624ce1c	e4939b45-40c7-44cc-ad6a-a50fa7a955e6	60	3	2024-10-04 16:19:23.328	2024-10-04 16:19:23.328
fb6cc5f8-4ac9-4f40-995b-86ff0b846f79	28ec41fc-442a-4488-8665-d34c27411f03	5eef4dda-7ee6-4911-84d2-1dcbcd1ae068	e4939b45-40c7-44cc-ad6a-a50fa7a955e6	60	3	2024-10-04 16:19:23.328	2024-10-04 16:19:23.328
5a1f3874-4697-430f-93de-e7bb5edf6beb	28ec41fc-442a-4488-8665-d34c27411f03	3b50f961-037f-48dd-92f3-92c63852b42d	e4939b45-40c7-44cc-ad6a-a50fa7a955e6	60	3	2024-10-04 16:19:23.328	2024-10-04 16:19:23.328
9a2511ba-a4b8-4cae-96df-9c367ead4c77	28ec41fc-442a-4488-8665-d34c27411f03	b8157cab-5dad-409b-82e1-51ee67ba4ee9	3efc8e53-5681-4931-a050-151c55385329	60	3	2024-10-04 16:19:23.328	2024-10-04 16:19:23.328
aa3ddd89-2cd9-48f8-89fc-2f7b785b4af2	28ec41fc-442a-4488-8665-d34c27411f03	7a015617-8763-4794-8665-e5a79cfb3de5	3efc8e53-5681-4931-a050-151c55385329	60	3	2024-10-04 16:19:23.328	2024-10-04 16:19:23.328
bcaeb532-8eb1-4962-b544-4db9f9156a0a	28ec41fc-442a-4488-8665-d34c27411f03	b166a178-cd80-4b64-870e-0165c624ce1c	3efc8e53-5681-4931-a050-151c55385329	60	3	2024-10-04 16:19:23.328	2024-10-04 16:19:23.328
92f3d57b-4b70-4997-9f4a-0db3cd0f6750	28ec41fc-442a-4488-8665-d34c27411f03	5eef4dda-7ee6-4911-84d2-1dcbcd1ae068	3efc8e53-5681-4931-a050-151c55385329	60	3	2024-10-04 16:19:23.328	2024-10-04 16:19:23.328
8bba994e-99fe-4637-9ed6-af7c6b8e7902	28ec41fc-442a-4488-8665-d34c27411f03	3b50f961-037f-48dd-92f3-92c63852b42d	3efc8e53-5681-4931-a050-151c55385329	60	3	2024-10-04 16:19:23.328	2024-10-04 16:19:23.328
b986750d-c1f6-40fe-936f-4af4692d1b60	28ec41fc-442a-4488-8665-d34c27411f03	b8157cab-5dad-409b-82e1-51ee67ba4ee9	5ea4e6ee-fea7-4d4f-8783-9f6eb480b8bc	60	3	2024-10-04 16:19:23.328	2024-10-04 16:19:23.328
439cf486-125d-4bfb-9556-c073255d64f1	28ec41fc-442a-4488-8665-d34c27411f03	7a015617-8763-4794-8665-e5a79cfb3de5	5ea4e6ee-fea7-4d4f-8783-9f6eb480b8bc	60	3	2024-10-04 16:19:23.328	2024-10-04 16:19:23.328
3d3c25b3-ae33-4050-a22b-321752349918	28ec41fc-442a-4488-8665-d34c27411f03	b166a178-cd80-4b64-870e-0165c624ce1c	5ea4e6ee-fea7-4d4f-8783-9f6eb480b8bc	60	3	2024-10-04 16:19:23.328	2024-10-04 16:19:23.328
9afe9516-00ee-45ba-8045-635c476f3d15	28ec41fc-442a-4488-8665-d34c27411f03	5eef4dda-7ee6-4911-84d2-1dcbcd1ae068	5ea4e6ee-fea7-4d4f-8783-9f6eb480b8bc	60	3	2024-10-04 16:19:23.328	2024-10-04 16:19:23.328
e2d4813d-999c-4cf4-9e0c-7024f38379c4	28ec41fc-442a-4488-8665-d34c27411f03	3b50f961-037f-48dd-92f3-92c63852b42d	5ea4e6ee-fea7-4d4f-8783-9f6eb480b8bc	60	3	2024-10-04 16:19:23.328	2024-10-04 16:19:23.328
03b288e2-bbbb-46af-bbd5-f64c8775be02	28ec41fc-442a-4488-8665-d34c27411f03	b8157cab-5dad-409b-82e1-51ee67ba4ee9	fc425912-bda2-4de8-b868-620342c2ef13	60	3	2024-10-04 16:19:23.328	2024-10-04 16:19:23.328
65172522-f9de-4184-ba54-4e4beb61e4d6	28ec41fc-442a-4488-8665-d34c27411f03	7a015617-8763-4794-8665-e5a79cfb3de5	fc425912-bda2-4de8-b868-620342c2ef13	60	3	2024-10-04 16:19:23.328	2024-10-04 16:19:23.328
60096eb1-20f1-45e5-a704-883c4146baf9	28ec41fc-442a-4488-8665-d34c27411f03	b166a178-cd80-4b64-870e-0165c624ce1c	fc425912-bda2-4de8-b868-620342c2ef13	60	3	2024-10-04 16:19:23.328	2024-10-04 16:19:23.328
c9cc9dca-9cb7-4721-a9ee-b3ac000f17b2	28ec41fc-442a-4488-8665-d34c27411f03	5eef4dda-7ee6-4911-84d2-1dcbcd1ae068	fc425912-bda2-4de8-b868-620342c2ef13	60	3	2024-10-04 16:19:23.328	2024-10-04 16:19:23.328
af779ae5-0de8-4677-9832-0917cc217318	28ec41fc-442a-4488-8665-d34c27411f03	3b50f961-037f-48dd-92f3-92c63852b42d	fc425912-bda2-4de8-b868-620342c2ef13	60	3	2024-10-04 16:19:23.328	2024-10-04 16:19:23.328
624106bb-297c-46ad-9204-64298e45611f	28ec41fc-442a-4488-8665-d34c27411f03	b8157cab-5dad-409b-82e1-51ee67ba4ee9	c0c1b2e9-904f-445f-9608-a1e0686fc906	60	3	2024-10-04 16:19:23.328	2024-10-04 16:19:23.328
61461080-dd46-45e8-a2b3-f6737b5af6d0	28ec41fc-442a-4488-8665-d34c27411f03	7a015617-8763-4794-8665-e5a79cfb3de5	c0c1b2e9-904f-445f-9608-a1e0686fc906	60	3	2024-10-04 16:19:23.328	2024-10-04 16:19:23.328
a6816683-3024-448c-aaf8-631fc779c899	28ec41fc-442a-4488-8665-d34c27411f03	b166a178-cd80-4b64-870e-0165c624ce1c	c0c1b2e9-904f-445f-9608-a1e0686fc906	60	3	2024-10-04 16:19:23.328	2024-10-04 16:19:23.328
9db86f5f-8267-4864-ac00-d76f115a37f9	28ec41fc-442a-4488-8665-d34c27411f03	5eef4dda-7ee6-4911-84d2-1dcbcd1ae068	c0c1b2e9-904f-445f-9608-a1e0686fc906	60	3	2024-10-04 16:19:23.328	2024-10-04 16:19:23.328
271a2eae-4da5-4696-ba78-21ef6be6c95d	28ec41fc-442a-4488-8665-d34c27411f03	3b50f961-037f-48dd-92f3-92c63852b42d	c0c1b2e9-904f-445f-9608-a1e0686fc906	60	3	2024-10-04 16:19:23.328	2024-10-04 16:19:23.328
9fdc2d88-06a9-4bae-838c-0136d4fee3f0	28ec41fc-442a-4488-8665-d34c27411f03	b8157cab-5dad-409b-82e1-51ee67ba4ee9	b4e3221b-5b89-43ad-8463-3ec530478783	60	3	2024-10-04 16:19:23.328	2024-10-04 16:19:23.328
cb234e2e-7903-4db2-a369-80a5b0a60d02	28ec41fc-442a-4488-8665-d34c27411f03	7a015617-8763-4794-8665-e5a79cfb3de5	b4e3221b-5b89-43ad-8463-3ec530478783	60	3	2024-10-04 16:19:23.328	2024-10-04 16:19:23.328
2aa37128-4916-4cfa-b90c-649f66ce31f3	28ec41fc-442a-4488-8665-d34c27411f03	b166a178-cd80-4b64-870e-0165c624ce1c	b4e3221b-5b89-43ad-8463-3ec530478783	60	3	2024-10-04 16:19:23.328	2024-10-04 16:19:23.328
b39a6df6-6d33-4ecc-9a35-de5338ce2ed9	28ec41fc-442a-4488-8665-d34c27411f03	5eef4dda-7ee6-4911-84d2-1dcbcd1ae068	b4e3221b-5b89-43ad-8463-3ec530478783	60	3	2024-10-04 16:19:23.328	2024-10-04 16:19:23.328
c998a64b-9b10-4072-b7d8-ba8f9464ddbc	28ec41fc-442a-4488-8665-d34c27411f03	3b50f961-037f-48dd-92f3-92c63852b42d	b4e3221b-5b89-43ad-8463-3ec530478783	60	3	2024-10-04 16:19:23.328	2024-10-04 16:19:23.328
1c2d8006-a8a9-4c1e-82ac-004d9fe99bd6	28ec41fc-442a-4488-8665-d34c27411f03	b8157cab-5dad-409b-82e1-51ee67ba4ee9	a1019ce6-c83b-4c20-9ad2-0bd6e2309d51	60	3	2024-10-04 16:19:23.328	2024-10-04 16:19:23.328
96edea9c-2224-4860-bbd3-dd8aae567903	28ec41fc-442a-4488-8665-d34c27411f03	7a015617-8763-4794-8665-e5a79cfb3de5	a1019ce6-c83b-4c20-9ad2-0bd6e2309d51	60	3	2024-10-04 16:19:23.328	2024-10-04 16:19:23.328
dba97432-a43d-4511-aef2-76c4ab32813c	28ec41fc-442a-4488-8665-d34c27411f03	b166a178-cd80-4b64-870e-0165c624ce1c	a1019ce6-c83b-4c20-9ad2-0bd6e2309d51	60	3	2024-10-04 16:19:23.328	2024-10-04 16:19:23.328
2df08c82-f6e9-40f6-b931-2a6ff53db599	28ec41fc-442a-4488-8665-d34c27411f03	5eef4dda-7ee6-4911-84d2-1dcbcd1ae068	a1019ce6-c83b-4c20-9ad2-0bd6e2309d51	60	3	2024-10-04 16:19:23.328	2024-10-04 16:19:23.328
daacf148-7171-47f3-97f6-59ea65108941	28ec41fc-442a-4488-8665-d34c27411f03	3b50f961-037f-48dd-92f3-92c63852b42d	a1019ce6-c83b-4c20-9ad2-0bd6e2309d51	60	3	2024-10-04 16:19:23.328	2024-10-04 16:19:23.328
5e5967d9-3738-457d-b936-86d256ec5700	28ec41fc-442a-4488-8665-d34c27411f03	b8157cab-5dad-409b-82e1-51ee67ba4ee9	a4874b0b-10c2-42fc-befa-ba5e0a508525	60	3	2024-10-04 16:19:23.328	2024-10-04 16:19:23.328
2f01cc8e-57d8-4f8f-a428-ff1a7c53835d	28ec41fc-442a-4488-8665-d34c27411f03	7a015617-8763-4794-8665-e5a79cfb3de5	a4874b0b-10c2-42fc-befa-ba5e0a508525	60	3	2024-10-04 16:19:23.328	2024-10-04 16:19:23.328
886b6e50-6abf-4528-8487-49ac7c87ae4c	28ec41fc-442a-4488-8665-d34c27411f03	b166a178-cd80-4b64-870e-0165c624ce1c	a4874b0b-10c2-42fc-befa-ba5e0a508525	60	3	2024-10-04 16:19:23.328	2024-10-04 16:19:23.328
edbf4234-2786-4c3e-887b-8a4d0905cdb4	28ec41fc-442a-4488-8665-d34c27411f03	5eef4dda-7ee6-4911-84d2-1dcbcd1ae068	a4874b0b-10c2-42fc-befa-ba5e0a508525	60	3	2024-10-04 16:19:23.328	2024-10-04 16:19:23.328
8b85a868-6bba-4fcd-9b70-7162fd8a9c9d	28ec41fc-442a-4488-8665-d34c27411f03	3b50f961-037f-48dd-92f3-92c63852b42d	a4874b0b-10c2-42fc-befa-ba5e0a508525	60	3	2024-10-04 16:19:23.328	2024-10-04 16:19:23.328
0191e826-c4f7-45f9-890f-55d7b4f121fe	28ec41fc-442a-4488-8665-d34c27411f03	b8157cab-5dad-409b-82e1-51ee67ba4ee9	642081d7-4939-48d3-9ca9-2a231a914e94	60	3	2024-10-04 16:19:23.328	2024-10-04 16:19:23.328
2bf446c1-20e6-4f5b-9338-4d665e7ccf40	28ec41fc-442a-4488-8665-d34c27411f03	7a015617-8763-4794-8665-e5a79cfb3de5	642081d7-4939-48d3-9ca9-2a231a914e94	60	3	2024-10-04 16:19:23.328	2024-10-04 16:19:23.328
75021e49-39f7-45c8-84ca-cab5406512ce	28ec41fc-442a-4488-8665-d34c27411f03	b166a178-cd80-4b64-870e-0165c624ce1c	642081d7-4939-48d3-9ca9-2a231a914e94	60	3	2024-10-04 16:19:23.328	2024-10-04 16:19:23.328
fa24c512-9c31-4076-adb5-6afb97d98040	28ec41fc-442a-4488-8665-d34c27411f03	5eef4dda-7ee6-4911-84d2-1dcbcd1ae068	642081d7-4939-48d3-9ca9-2a231a914e94	60	3	2024-10-04 16:19:23.328	2024-10-04 16:19:23.328
322cad84-eff3-4503-ab37-959bbed42764	28ec41fc-442a-4488-8665-d34c27411f03	3b50f961-037f-48dd-92f3-92c63852b42d	642081d7-4939-48d3-9ca9-2a231a914e94	60	3	2024-10-04 16:19:23.328	2024-10-04 16:19:23.328
378a1183-d53b-4e1c-942f-704e4bcaa918	28ec41fc-442a-4488-8665-d34c27411f03	b8157cab-5dad-409b-82e1-51ee67ba4ee9	4dd0bd65-3a1f-4567-8dfd-e3318bf60c8c	60	3	2024-10-04 16:19:23.328	2024-10-04 16:19:23.328
a2093233-31cc-4485-baa7-61555fd7016e	28ec41fc-442a-4488-8665-d34c27411f03	7a015617-8763-4794-8665-e5a79cfb3de5	4dd0bd65-3a1f-4567-8dfd-e3318bf60c8c	60	3	2024-10-04 16:19:23.328	2024-10-04 16:19:23.328
eb22902a-3462-49bf-8611-3ebbeae27125	28ec41fc-442a-4488-8665-d34c27411f03	b166a178-cd80-4b64-870e-0165c624ce1c	4dd0bd65-3a1f-4567-8dfd-e3318bf60c8c	60	3	2024-10-04 16:19:23.328	2024-10-04 16:19:23.328
a1874032-149c-4f5c-aeb3-a3b7ac684b2a	28ec41fc-442a-4488-8665-d34c27411f03	5eef4dda-7ee6-4911-84d2-1dcbcd1ae068	4dd0bd65-3a1f-4567-8dfd-e3318bf60c8c	60	3	2024-10-04 16:19:23.328	2024-10-04 16:19:23.328
02879cc7-5bc8-4c28-8d12-78cadb5969b7	28ec41fc-442a-4488-8665-d34c27411f03	3b50f961-037f-48dd-92f3-92c63852b42d	4dd0bd65-3a1f-4567-8dfd-e3318bf60c8c	60	3	2024-10-04 16:19:23.328	2024-10-04 16:19:23.328
e5c53e91-1685-4bc0-afec-f8f5d68bafb3	28ec41fc-442a-4488-8665-d34c27411f03	b8157cab-5dad-409b-82e1-51ee67ba4ee9	079b6a6f-a1b4-4ccf-b36d-beb68c9830ce	60	3	2024-10-04 16:19:23.328	2024-10-04 16:19:23.328
9b56e6f9-0e4d-43f6-b9ab-c18b67075224	28ec41fc-442a-4488-8665-d34c27411f03	7a015617-8763-4794-8665-e5a79cfb3de5	079b6a6f-a1b4-4ccf-b36d-beb68c9830ce	60	3	2024-10-04 16:19:23.328	2024-10-04 16:19:23.328
acd2e21b-bf28-45c4-a8d8-829b7b630e7d	28ec41fc-442a-4488-8665-d34c27411f03	b166a178-cd80-4b64-870e-0165c624ce1c	079b6a6f-a1b4-4ccf-b36d-beb68c9830ce	60	3	2024-10-04 16:19:23.328	2024-10-04 16:19:23.328
e5def825-54e9-4db5-ba1c-1b643bb25270	28ec41fc-442a-4488-8665-d34c27411f03	5eef4dda-7ee6-4911-84d2-1dcbcd1ae068	079b6a6f-a1b4-4ccf-b36d-beb68c9830ce	60	3	2024-10-04 16:19:23.328	2024-10-04 16:19:23.328
9349e6f0-f11e-47cf-aa57-d25b571f1553	28ec41fc-442a-4488-8665-d34c27411f03	3b50f961-037f-48dd-92f3-92c63852b42d	079b6a6f-a1b4-4ccf-b36d-beb68c9830ce	60	3	2024-10-04 16:19:23.328	2024-10-04 16:19:23.328
27bfb2f3-5b73-4f01-b887-55e87f366072	28ec41fc-442a-4488-8665-d34c27411f03	b8157cab-5dad-409b-82e1-51ee67ba4ee9	cf725cb7-085d-4636-adb4-a687d3a9a576	60	3	2024-10-04 16:19:23.328	2024-10-04 16:19:23.328
2ca5dac2-994e-45be-aa55-3aac499adb56	28ec41fc-442a-4488-8665-d34c27411f03	7a015617-8763-4794-8665-e5a79cfb3de5	cf725cb7-085d-4636-adb4-a687d3a9a576	60	3	2024-10-04 16:19:23.328	2024-10-04 16:19:23.328
fbdbf8b9-7bdb-4d36-8c62-a6d24c769fc6	28ec41fc-442a-4488-8665-d34c27411f03	b166a178-cd80-4b64-870e-0165c624ce1c	cf725cb7-085d-4636-adb4-a687d3a9a576	60	3	2024-10-04 16:19:23.328	2024-10-04 16:19:23.328
f14e63e4-b619-4a6b-8051-0e9dc4163e26	28ec41fc-442a-4488-8665-d34c27411f03	5eef4dda-7ee6-4911-84d2-1dcbcd1ae068	cf725cb7-085d-4636-adb4-a687d3a9a576	60	3	2024-10-04 16:19:23.328	2024-10-04 16:19:23.328
b343266c-a031-41ec-8b80-caba9de3cf5f	28ec41fc-442a-4488-8665-d34c27411f03	3b50f961-037f-48dd-92f3-92c63852b42d	cf725cb7-085d-4636-adb4-a687d3a9a576	60	3	2024-10-04 16:19:23.328	2024-10-04 16:19:23.328
31e3f48d-8c73-45ec-9ba5-f682a1bf26b1	28ec41fc-442a-4488-8665-d34c27411f03	b8157cab-5dad-409b-82e1-51ee67ba4ee9	ec5b5d4b-40b9-4489-a800-5e31bf329b69	60	3	2024-10-04 16:19:23.328	2024-10-04 16:19:23.328
4d0a94cd-989f-4fd4-9535-fd5876c9dff1	28ec41fc-442a-4488-8665-d34c27411f03	7a015617-8763-4794-8665-e5a79cfb3de5	ec5b5d4b-40b9-4489-a800-5e31bf329b69	60	3	2024-10-04 16:19:23.328	2024-10-04 16:19:23.328
6d658256-5f7a-4f89-aeb6-c66e9a37da2f	28ec41fc-442a-4488-8665-d34c27411f03	b166a178-cd80-4b64-870e-0165c624ce1c	ec5b5d4b-40b9-4489-a800-5e31bf329b69	60	3	2024-10-04 16:19:23.328	2024-10-04 16:19:23.328
2734e7d7-471b-4e41-9557-76985e4573de	28ec41fc-442a-4488-8665-d34c27411f03	5eef4dda-7ee6-4911-84d2-1dcbcd1ae068	ec5b5d4b-40b9-4489-a800-5e31bf329b69	60	3	2024-10-04 16:19:23.328	2024-10-04 16:19:23.328
5306844b-d183-4256-bfc8-8e3417d898fb	28ec41fc-442a-4488-8665-d34c27411f03	3b50f961-037f-48dd-92f3-92c63852b42d	ec5b5d4b-40b9-4489-a800-5e31bf329b69	60	3	2024-10-04 16:19:23.328	2024-10-04 16:19:23.328
70554ae6-5c3f-459e-a12a-80f7cbabd4fd	28ec41fc-442a-4488-8665-d34c27411f03	b8157cab-5dad-409b-82e1-51ee67ba4ee9	bff4e367-6faf-4e06-be02-ab9b60d7fb59	60	3	2024-10-04 16:19:23.328	2024-10-04 16:19:23.328
c9c53935-defb-4106-8dd5-306b8715cfee	28ec41fc-442a-4488-8665-d34c27411f03	7a015617-8763-4794-8665-e5a79cfb3de5	bff4e367-6faf-4e06-be02-ab9b60d7fb59	60	3	2024-10-04 16:19:23.328	2024-10-04 16:19:23.328
02f2e2ed-af98-4288-8b89-ab4ae59f3757	28ec41fc-442a-4488-8665-d34c27411f03	b166a178-cd80-4b64-870e-0165c624ce1c	bff4e367-6faf-4e06-be02-ab9b60d7fb59	60	3	2024-10-04 16:19:23.328	2024-10-04 16:19:23.328
9cca957d-9d6a-44e1-a541-54b6f2bc0529	28ec41fc-442a-4488-8665-d34c27411f03	5eef4dda-7ee6-4911-84d2-1dcbcd1ae068	bff4e367-6faf-4e06-be02-ab9b60d7fb59	60	3	2024-10-04 16:19:23.328	2024-10-04 16:19:23.328
bb155148-f87b-4f8e-8b3c-2c0e696731f5	28ec41fc-442a-4488-8665-d34c27411f03	3b50f961-037f-48dd-92f3-92c63852b42d	bff4e367-6faf-4e06-be02-ab9b60d7fb59	60	3	2024-10-04 16:19:23.328	2024-10-04 16:19:23.328
cfad3ffa-dcd1-4e49-a908-77981249a50c	28ec41fc-442a-4488-8665-d34c27411f03	b8157cab-5dad-409b-82e1-51ee67ba4ee9	1282e0d3-bfae-4822-b4bd-0ac0077a40c3	60	3	2024-10-04 16:19:23.328	2024-10-04 16:19:23.328
990bea08-002a-4333-ae7b-97f03e5c96ad	28ec41fc-442a-4488-8665-d34c27411f03	7a015617-8763-4794-8665-e5a79cfb3de5	1282e0d3-bfae-4822-b4bd-0ac0077a40c3	60	3	2024-10-04 16:19:23.328	2024-10-04 16:19:23.328
4354ad68-e413-4ffb-ac99-547167dc2cfa	28ec41fc-442a-4488-8665-d34c27411f03	b166a178-cd80-4b64-870e-0165c624ce1c	1282e0d3-bfae-4822-b4bd-0ac0077a40c3	60	3	2024-10-04 16:19:23.328	2024-10-04 16:19:23.328
3b9610a7-b3a4-4523-a0a9-2e53bee756e7	28ec41fc-442a-4488-8665-d34c27411f03	5eef4dda-7ee6-4911-84d2-1dcbcd1ae068	1282e0d3-bfae-4822-b4bd-0ac0077a40c3	60	3	2024-10-04 16:19:23.328	2024-10-04 16:19:23.328
2e2d5bd2-7122-49be-9e64-290cc6d942be	28ec41fc-442a-4488-8665-d34c27411f03	3b50f961-037f-48dd-92f3-92c63852b42d	1282e0d3-bfae-4822-b4bd-0ac0077a40c3	60	3	2024-10-04 16:19:23.328	2024-10-04 16:19:23.328
f0c86a62-6bd9-4ec1-867f-9ca8c3655e37	b5569827-070f-4c4c-b6bf-1fbf8ad95bd4	b8157cab-5dad-409b-82e1-51ee67ba4ee9	09255816-e91d-4c97-a9a0-4a5c00484906	60	3	2024-10-04 16:19:23.328	2024-10-04 16:19:23.328
bb951967-9b89-44cb-8bcf-81b5cb4b0ca4	b5569827-070f-4c4c-b6bf-1fbf8ad95bd4	7a015617-8763-4794-8665-e5a79cfb3de5	09255816-e91d-4c97-a9a0-4a5c00484906	60	3	2024-10-04 16:19:23.328	2024-10-04 16:19:23.328
f0a58f7d-1ffd-4d89-8614-a0b551d0ba55	b5569827-070f-4c4c-b6bf-1fbf8ad95bd4	b166a178-cd80-4b64-870e-0165c624ce1c	09255816-e91d-4c97-a9a0-4a5c00484906	60	3	2024-10-04 16:19:23.328	2024-10-04 16:19:23.328
186cbd60-0f32-429f-aa65-ccde0dd32d17	b5569827-070f-4c4c-b6bf-1fbf8ad95bd4	5eef4dda-7ee6-4911-84d2-1dcbcd1ae068	09255816-e91d-4c97-a9a0-4a5c00484906	60	3	2024-10-04 16:19:23.328	2024-10-04 16:19:23.328
f469e3a6-b467-4288-bd64-4b89a4c9190d	b5569827-070f-4c4c-b6bf-1fbf8ad95bd4	3b50f961-037f-48dd-92f3-92c63852b42d	09255816-e91d-4c97-a9a0-4a5c00484906	60	3	2024-10-04 16:19:23.328	2024-10-04 16:19:23.328
4d3e0eb1-0060-4c05-9dde-1f560741e626	b5569827-070f-4c4c-b6bf-1fbf8ad95bd4	b8157cab-5dad-409b-82e1-51ee67ba4ee9	9141659f-6f88-49ac-b676-ce4daab61697	60	3	2024-10-04 16:19:23.328	2024-10-04 16:19:23.328
84167963-28ea-4116-9a10-692065262a90	b5569827-070f-4c4c-b6bf-1fbf8ad95bd4	7a015617-8763-4794-8665-e5a79cfb3de5	9141659f-6f88-49ac-b676-ce4daab61697	60	3	2024-10-04 16:19:23.328	2024-10-04 16:19:23.328
3f3df5b7-55e9-4d08-bfd3-58bf17557419	b5569827-070f-4c4c-b6bf-1fbf8ad95bd4	b166a178-cd80-4b64-870e-0165c624ce1c	9141659f-6f88-49ac-b676-ce4daab61697	60	3	2024-10-04 16:19:23.328	2024-10-04 16:19:23.328
4dba5c19-1dbd-4c34-8311-6e83137c0c4a	b5569827-070f-4c4c-b6bf-1fbf8ad95bd4	5eef4dda-7ee6-4911-84d2-1dcbcd1ae068	9141659f-6f88-49ac-b676-ce4daab61697	60	3	2024-10-04 16:19:23.328	2024-10-04 16:19:23.328
150fe0ed-38e1-4aa8-9be8-4cf8a0e5dfec	b5569827-070f-4c4c-b6bf-1fbf8ad95bd4	3b50f961-037f-48dd-92f3-92c63852b42d	9141659f-6f88-49ac-b676-ce4daab61697	60	3	2024-10-04 16:19:23.328	2024-10-04 16:19:23.328
1b7c293b-eded-4755-9360-79d769a05990	b5569827-070f-4c4c-b6bf-1fbf8ad95bd4	b8157cab-5dad-409b-82e1-51ee67ba4ee9	ae43ed5c-5335-4526-a63b-cbe62ccd9d22	60	3	2024-10-04 16:19:23.328	2024-10-04 16:19:23.328
f6178469-5c5d-4397-81f4-60d94df82b6e	b5569827-070f-4c4c-b6bf-1fbf8ad95bd4	7a015617-8763-4794-8665-e5a79cfb3de5	ae43ed5c-5335-4526-a63b-cbe62ccd9d22	60	3	2024-10-04 16:19:23.328	2024-10-04 16:19:23.328
05ce3297-3688-490d-9531-41d08e3e94fe	b5569827-070f-4c4c-b6bf-1fbf8ad95bd4	b166a178-cd80-4b64-870e-0165c624ce1c	ae43ed5c-5335-4526-a63b-cbe62ccd9d22	60	3	2024-10-04 16:19:23.328	2024-10-04 16:19:23.328
6b70cf12-72e7-48ed-8025-38306d689c88	b5569827-070f-4c4c-b6bf-1fbf8ad95bd4	5eef4dda-7ee6-4911-84d2-1dcbcd1ae068	ae43ed5c-5335-4526-a63b-cbe62ccd9d22	60	3	2024-10-04 16:19:23.328	2024-10-04 16:19:23.328
e7a4a33d-5359-411e-a26b-38ea1a826ae8	b5569827-070f-4c4c-b6bf-1fbf8ad95bd4	3b50f961-037f-48dd-92f3-92c63852b42d	ae43ed5c-5335-4526-a63b-cbe62ccd9d22	60	3	2024-10-04 16:19:23.328	2024-10-04 16:19:23.328
ca392b16-37f1-4e1a-a19b-8ab06361d738	b5569827-070f-4c4c-b6bf-1fbf8ad95bd4	b8157cab-5dad-409b-82e1-51ee67ba4ee9	7b66d5b2-b201-4298-a632-01236163a344	60	3	2024-10-04 16:19:23.328	2024-10-04 16:19:23.328
fda0ba43-cdcf-4c74-857a-2e8d199e01b3	b5569827-070f-4c4c-b6bf-1fbf8ad95bd4	7a015617-8763-4794-8665-e5a79cfb3de5	7b66d5b2-b201-4298-a632-01236163a344	60	3	2024-10-04 16:19:23.328	2024-10-04 16:19:23.328
0a660d99-1686-4754-8908-c571864ab70f	b5569827-070f-4c4c-b6bf-1fbf8ad95bd4	b166a178-cd80-4b64-870e-0165c624ce1c	7b66d5b2-b201-4298-a632-01236163a344	60	3	2024-10-04 16:19:23.328	2024-10-04 16:19:23.328
772c7088-77ed-4afb-b457-b3702c72532e	b5569827-070f-4c4c-b6bf-1fbf8ad95bd4	5eef4dda-7ee6-4911-84d2-1dcbcd1ae068	7b66d5b2-b201-4298-a632-01236163a344	60	3	2024-10-04 16:19:23.328	2024-10-04 16:19:23.328
92140220-7bbf-414f-9c08-e727b678678e	b5569827-070f-4c4c-b6bf-1fbf8ad95bd4	3b50f961-037f-48dd-92f3-92c63852b42d	7b66d5b2-b201-4298-a632-01236163a344	60	3	2024-10-04 16:19:23.328	2024-10-04 16:19:23.328
99dc1ce2-727b-4cee-ac59-84a04de797eb	b5569827-070f-4c4c-b6bf-1fbf8ad95bd4	b8157cab-5dad-409b-82e1-51ee67ba4ee9	baf28813-32de-4785-a3fa-7f73a7002bba	60	3	2024-10-04 16:19:23.328	2024-10-04 16:19:23.328
ff0fdb22-b726-46d3-8dda-333cdd5a6acb	b5569827-070f-4c4c-b6bf-1fbf8ad95bd4	7a015617-8763-4794-8665-e5a79cfb3de5	baf28813-32de-4785-a3fa-7f73a7002bba	60	3	2024-10-04 16:19:23.328	2024-10-04 16:19:23.328
da36dea6-35d3-4d77-b595-f2b79efa3db3	b5569827-070f-4c4c-b6bf-1fbf8ad95bd4	b166a178-cd80-4b64-870e-0165c624ce1c	baf28813-32de-4785-a3fa-7f73a7002bba	60	3	2024-10-04 16:19:23.328	2024-10-04 16:19:23.328
5e6af40a-99d0-4991-92bf-8e74a82abcd7	b5569827-070f-4c4c-b6bf-1fbf8ad95bd4	5eef4dda-7ee6-4911-84d2-1dcbcd1ae068	baf28813-32de-4785-a3fa-7f73a7002bba	60	3	2024-10-04 16:19:23.328	2024-10-04 16:19:23.328
9db73ca5-13d8-475a-a42e-ebff2d8a91f7	b5569827-070f-4c4c-b6bf-1fbf8ad95bd4	3b50f961-037f-48dd-92f3-92c63852b42d	baf28813-32de-4785-a3fa-7f73a7002bba	60	3	2024-10-04 16:19:23.328	2024-10-04 16:19:23.328
2ba3ec28-2349-420e-8661-bc9e3d65145f	b5569827-070f-4c4c-b6bf-1fbf8ad95bd4	b8157cab-5dad-409b-82e1-51ee67ba4ee9	e4939b45-40c7-44cc-ad6a-a50fa7a955e6	60	3	2024-10-04 16:19:23.328	2024-10-04 16:19:23.328
7ca07b24-9d87-41c2-871a-48b35198dbac	b5569827-070f-4c4c-b6bf-1fbf8ad95bd4	7a015617-8763-4794-8665-e5a79cfb3de5	e4939b45-40c7-44cc-ad6a-a50fa7a955e6	60	3	2024-10-04 16:19:23.328	2024-10-04 16:19:23.328
bdf06f92-d82d-4f75-81d9-decd899e23bf	b5569827-070f-4c4c-b6bf-1fbf8ad95bd4	b166a178-cd80-4b64-870e-0165c624ce1c	e4939b45-40c7-44cc-ad6a-a50fa7a955e6	60	3	2024-10-04 16:19:23.328	2024-10-04 16:19:23.328
a2881424-ceb0-4d25-913c-619c6ddb8e1f	b5569827-070f-4c4c-b6bf-1fbf8ad95bd4	5eef4dda-7ee6-4911-84d2-1dcbcd1ae068	e4939b45-40c7-44cc-ad6a-a50fa7a955e6	60	3	2024-10-04 16:19:23.328	2024-10-04 16:19:23.328
49e255b0-213e-4ed8-9d02-44b14375304b	b5569827-070f-4c4c-b6bf-1fbf8ad95bd4	3b50f961-037f-48dd-92f3-92c63852b42d	e4939b45-40c7-44cc-ad6a-a50fa7a955e6	60	3	2024-10-04 16:19:23.328	2024-10-04 16:19:23.328
9755dd08-ea10-4742-91a2-a1c255283e31	b5569827-070f-4c4c-b6bf-1fbf8ad95bd4	b8157cab-5dad-409b-82e1-51ee67ba4ee9	3efc8e53-5681-4931-a050-151c55385329	60	3	2024-10-04 16:19:23.328	2024-10-04 16:19:23.328
e084c0ea-a5bc-41e0-a7b6-6b87f0037e50	b5569827-070f-4c4c-b6bf-1fbf8ad95bd4	7a015617-8763-4794-8665-e5a79cfb3de5	3efc8e53-5681-4931-a050-151c55385329	60	3	2024-10-04 16:19:23.328	2024-10-04 16:19:23.328
d9ccef79-19ec-4422-a5c8-76bf6432bb37	b5569827-070f-4c4c-b6bf-1fbf8ad95bd4	b166a178-cd80-4b64-870e-0165c624ce1c	3efc8e53-5681-4931-a050-151c55385329	60	3	2024-10-04 16:19:23.328	2024-10-04 16:19:23.328
cce54de3-b1c7-4ace-b600-a0d91a8d9066	b5569827-070f-4c4c-b6bf-1fbf8ad95bd4	5eef4dda-7ee6-4911-84d2-1dcbcd1ae068	3efc8e53-5681-4931-a050-151c55385329	60	3	2024-10-04 16:19:23.328	2024-10-04 16:19:23.328
5dc957b2-e0a6-4dd5-9aef-1228030c1c74	b5569827-070f-4c4c-b6bf-1fbf8ad95bd4	3b50f961-037f-48dd-92f3-92c63852b42d	3efc8e53-5681-4931-a050-151c55385329	60	3	2024-10-04 16:19:23.328	2024-10-04 16:19:23.328
43f4613b-8a7e-4495-a28a-04f2ed0011d2	b5569827-070f-4c4c-b6bf-1fbf8ad95bd4	b8157cab-5dad-409b-82e1-51ee67ba4ee9	5ea4e6ee-fea7-4d4f-8783-9f6eb480b8bc	60	3	2024-10-04 16:19:23.328	2024-10-04 16:19:23.328
c46ddda0-6335-4ccd-8a50-a0b8951d2316	b5569827-070f-4c4c-b6bf-1fbf8ad95bd4	7a015617-8763-4794-8665-e5a79cfb3de5	5ea4e6ee-fea7-4d4f-8783-9f6eb480b8bc	60	3	2024-10-04 16:19:23.328	2024-10-04 16:19:23.328
55e4d9b9-b1ce-45ee-8d50-aebb0e6ae9e1	b5569827-070f-4c4c-b6bf-1fbf8ad95bd4	b166a178-cd80-4b64-870e-0165c624ce1c	5ea4e6ee-fea7-4d4f-8783-9f6eb480b8bc	60	3	2024-10-04 16:19:23.328	2024-10-04 16:19:23.328
ff0ef37f-faf1-41fb-a275-554b4a54c4e1	b5569827-070f-4c4c-b6bf-1fbf8ad95bd4	5eef4dda-7ee6-4911-84d2-1dcbcd1ae068	5ea4e6ee-fea7-4d4f-8783-9f6eb480b8bc	60	3	2024-10-04 16:19:23.328	2024-10-04 16:19:23.328
66789e42-c2b2-4255-9255-5492251e79eb	b5569827-070f-4c4c-b6bf-1fbf8ad95bd4	3b50f961-037f-48dd-92f3-92c63852b42d	5ea4e6ee-fea7-4d4f-8783-9f6eb480b8bc	60	3	2024-10-04 16:19:23.328	2024-10-04 16:19:23.328
870716e2-213f-4d8f-9452-1a9bd25dfb0b	b5569827-070f-4c4c-b6bf-1fbf8ad95bd4	b8157cab-5dad-409b-82e1-51ee67ba4ee9	fc425912-bda2-4de8-b868-620342c2ef13	60	3	2024-10-04 16:19:23.328	2024-10-04 16:19:23.328
d0a09925-ad3a-4115-8562-886e36b4d179	b5569827-070f-4c4c-b6bf-1fbf8ad95bd4	7a015617-8763-4794-8665-e5a79cfb3de5	fc425912-bda2-4de8-b868-620342c2ef13	60	3	2024-10-04 16:19:23.328	2024-10-04 16:19:23.328
a6b54407-17a4-444c-a8e1-3f0542074c77	b5569827-070f-4c4c-b6bf-1fbf8ad95bd4	b166a178-cd80-4b64-870e-0165c624ce1c	fc425912-bda2-4de8-b868-620342c2ef13	60	3	2024-10-04 16:19:23.328	2024-10-04 16:19:23.328
0829938b-7814-48eb-b520-2fa5aefc14a4	b5569827-070f-4c4c-b6bf-1fbf8ad95bd4	5eef4dda-7ee6-4911-84d2-1dcbcd1ae068	fc425912-bda2-4de8-b868-620342c2ef13	60	3	2024-10-04 16:19:23.328	2024-10-04 16:19:23.328
a71d1c10-f603-4ec9-ac51-37fd5ea98856	b5569827-070f-4c4c-b6bf-1fbf8ad95bd4	3b50f961-037f-48dd-92f3-92c63852b42d	fc425912-bda2-4de8-b868-620342c2ef13	60	3	2024-10-04 16:19:23.328	2024-10-04 16:19:23.328
dcb9ba2f-89f7-4305-a963-8cc2a6176273	b5569827-070f-4c4c-b6bf-1fbf8ad95bd4	b8157cab-5dad-409b-82e1-51ee67ba4ee9	c0c1b2e9-904f-445f-9608-a1e0686fc906	60	3	2024-10-04 16:19:23.328	2024-10-04 16:19:23.328
ab952805-c2ed-4143-ac4c-f903a0df9677	b5569827-070f-4c4c-b6bf-1fbf8ad95bd4	7a015617-8763-4794-8665-e5a79cfb3de5	c0c1b2e9-904f-445f-9608-a1e0686fc906	60	3	2024-10-04 16:19:23.328	2024-10-04 16:19:23.328
7252ae21-6573-4fe6-8d1f-70fb259d7af2	b5569827-070f-4c4c-b6bf-1fbf8ad95bd4	b166a178-cd80-4b64-870e-0165c624ce1c	c0c1b2e9-904f-445f-9608-a1e0686fc906	60	3	2024-10-04 16:19:23.328	2024-10-04 16:19:23.328
bcb409da-e720-4b0a-9221-fba822dbdecb	b5569827-070f-4c4c-b6bf-1fbf8ad95bd4	5eef4dda-7ee6-4911-84d2-1dcbcd1ae068	c0c1b2e9-904f-445f-9608-a1e0686fc906	60	3	2024-10-04 16:19:23.328	2024-10-04 16:19:23.328
57d9f357-77a2-4681-bdcf-668f8dc0151b	b5569827-070f-4c4c-b6bf-1fbf8ad95bd4	3b50f961-037f-48dd-92f3-92c63852b42d	c0c1b2e9-904f-445f-9608-a1e0686fc906	60	3	2024-10-04 16:19:23.328	2024-10-04 16:19:23.328
210c95a0-00eb-45ce-a02f-e86ca53cd6b8	b5569827-070f-4c4c-b6bf-1fbf8ad95bd4	b8157cab-5dad-409b-82e1-51ee67ba4ee9	b4e3221b-5b89-43ad-8463-3ec530478783	60	3	2024-10-04 16:19:23.328	2024-10-04 16:19:23.328
1fe9c50c-3a0b-463e-abc7-182a03ba1ba3	b5569827-070f-4c4c-b6bf-1fbf8ad95bd4	7a015617-8763-4794-8665-e5a79cfb3de5	b4e3221b-5b89-43ad-8463-3ec530478783	60	3	2024-10-04 16:19:23.328	2024-10-04 16:19:23.328
66c91c00-ef02-413f-87a6-3e364fa226bf	b5569827-070f-4c4c-b6bf-1fbf8ad95bd4	b166a178-cd80-4b64-870e-0165c624ce1c	b4e3221b-5b89-43ad-8463-3ec530478783	60	3	2024-10-04 16:19:23.328	2024-10-04 16:19:23.328
c90cb712-f968-45fa-85f7-022ee65e4608	b5569827-070f-4c4c-b6bf-1fbf8ad95bd4	5eef4dda-7ee6-4911-84d2-1dcbcd1ae068	b4e3221b-5b89-43ad-8463-3ec530478783	60	3	2024-10-04 16:19:23.328	2024-10-04 16:19:23.328
1debf671-c1e9-47f9-8a35-8542ea8b7fe8	b5569827-070f-4c4c-b6bf-1fbf8ad95bd4	3b50f961-037f-48dd-92f3-92c63852b42d	b4e3221b-5b89-43ad-8463-3ec530478783	60	3	2024-10-04 16:19:23.328	2024-10-04 16:19:23.328
bf928b1b-b88a-4acf-b8da-0da3aa47d9ee	b5569827-070f-4c4c-b6bf-1fbf8ad95bd4	b8157cab-5dad-409b-82e1-51ee67ba4ee9	a1019ce6-c83b-4c20-9ad2-0bd6e2309d51	60	3	2024-10-04 16:19:23.328	2024-10-04 16:19:23.328
e88050df-e5f9-440f-afe6-add18469e7af	b5569827-070f-4c4c-b6bf-1fbf8ad95bd4	7a015617-8763-4794-8665-e5a79cfb3de5	a1019ce6-c83b-4c20-9ad2-0bd6e2309d51	60	3	2024-10-04 16:19:23.328	2024-10-04 16:19:23.328
413c9238-6ee4-420d-baa7-79e3fa3b5913	b5569827-070f-4c4c-b6bf-1fbf8ad95bd4	b166a178-cd80-4b64-870e-0165c624ce1c	a1019ce6-c83b-4c20-9ad2-0bd6e2309d51	60	3	2024-10-04 16:19:23.328	2024-10-04 16:19:23.328
da66dd89-7bca-4509-a3c1-345f3262f25e	b5569827-070f-4c4c-b6bf-1fbf8ad95bd4	5eef4dda-7ee6-4911-84d2-1dcbcd1ae068	a1019ce6-c83b-4c20-9ad2-0bd6e2309d51	60	3	2024-10-04 16:19:23.328	2024-10-04 16:19:23.328
928c7821-fbb3-42f3-a10a-1d3edaab4ef2	b5569827-070f-4c4c-b6bf-1fbf8ad95bd4	3b50f961-037f-48dd-92f3-92c63852b42d	a1019ce6-c83b-4c20-9ad2-0bd6e2309d51	60	3	2024-10-04 16:19:23.328	2024-10-04 16:19:23.328
0921a92f-9d63-4427-88a7-f7da22946187	b5569827-070f-4c4c-b6bf-1fbf8ad95bd4	b8157cab-5dad-409b-82e1-51ee67ba4ee9	a4874b0b-10c2-42fc-befa-ba5e0a508525	60	3	2024-10-04 16:19:23.328	2024-10-04 16:19:23.328
430dcbfb-801e-47ff-ad8d-9b0df83c864f	b5569827-070f-4c4c-b6bf-1fbf8ad95bd4	7a015617-8763-4794-8665-e5a79cfb3de5	a4874b0b-10c2-42fc-befa-ba5e0a508525	60	3	2024-10-04 16:19:23.328	2024-10-04 16:19:23.328
db485744-4b47-456e-85fc-cc888b8090bc	b5569827-070f-4c4c-b6bf-1fbf8ad95bd4	b166a178-cd80-4b64-870e-0165c624ce1c	a4874b0b-10c2-42fc-befa-ba5e0a508525	60	3	2024-10-04 16:19:23.328	2024-10-04 16:19:23.328
fe9f2731-8e36-473b-bf00-b212a2daa2d1	b5569827-070f-4c4c-b6bf-1fbf8ad95bd4	5eef4dda-7ee6-4911-84d2-1dcbcd1ae068	a4874b0b-10c2-42fc-befa-ba5e0a508525	60	3	2024-10-04 16:19:23.328	2024-10-04 16:19:23.328
1995527b-f177-4ed5-a481-06dadbef8038	b5569827-070f-4c4c-b6bf-1fbf8ad95bd4	3b50f961-037f-48dd-92f3-92c63852b42d	a4874b0b-10c2-42fc-befa-ba5e0a508525	60	3	2024-10-04 16:19:23.328	2024-10-04 16:19:23.328
86ed021c-98c3-4c36-b6f5-52784369d77a	b5569827-070f-4c4c-b6bf-1fbf8ad95bd4	b8157cab-5dad-409b-82e1-51ee67ba4ee9	642081d7-4939-48d3-9ca9-2a231a914e94	60	3	2024-10-04 16:19:23.328	2024-10-04 16:19:23.328
dcb5dff6-d818-4c03-9108-3f2bd8340fe6	b5569827-070f-4c4c-b6bf-1fbf8ad95bd4	7a015617-8763-4794-8665-e5a79cfb3de5	642081d7-4939-48d3-9ca9-2a231a914e94	60	3	2024-10-04 16:19:23.328	2024-10-04 16:19:23.328
49a0dacd-b23c-45bc-9c0f-434b379423c5	b5569827-070f-4c4c-b6bf-1fbf8ad95bd4	b166a178-cd80-4b64-870e-0165c624ce1c	642081d7-4939-48d3-9ca9-2a231a914e94	60	3	2024-10-04 16:19:23.328	2024-10-04 16:19:23.328
8a159266-5fcd-4cc0-a1d9-8e916f60e3ac	b5569827-070f-4c4c-b6bf-1fbf8ad95bd4	5eef4dda-7ee6-4911-84d2-1dcbcd1ae068	642081d7-4939-48d3-9ca9-2a231a914e94	60	3	2024-10-04 16:19:23.328	2024-10-04 16:19:23.328
04c3d888-49bc-42ab-9c69-6f9a84f9929b	b5569827-070f-4c4c-b6bf-1fbf8ad95bd4	3b50f961-037f-48dd-92f3-92c63852b42d	642081d7-4939-48d3-9ca9-2a231a914e94	60	3	2024-10-04 16:19:23.328	2024-10-04 16:19:23.328
2f95bc6e-7ef4-4c87-b29e-cdae81136c54	b5569827-070f-4c4c-b6bf-1fbf8ad95bd4	b8157cab-5dad-409b-82e1-51ee67ba4ee9	4dd0bd65-3a1f-4567-8dfd-e3318bf60c8c	60	3	2024-10-04 16:19:23.328	2024-10-04 16:19:23.328
69bc5e7a-8282-4a18-a14e-69fe32c5591d	b5569827-070f-4c4c-b6bf-1fbf8ad95bd4	7a015617-8763-4794-8665-e5a79cfb3de5	4dd0bd65-3a1f-4567-8dfd-e3318bf60c8c	60	3	2024-10-04 16:19:23.328	2024-10-04 16:19:23.328
8e394338-ae52-4348-a52d-1777f1839f26	b5569827-070f-4c4c-b6bf-1fbf8ad95bd4	b166a178-cd80-4b64-870e-0165c624ce1c	4dd0bd65-3a1f-4567-8dfd-e3318bf60c8c	60	3	2024-10-04 16:19:23.328	2024-10-04 16:19:23.328
ed20e2d3-fe56-4304-8bf6-adf6e4f38c5e	b5569827-070f-4c4c-b6bf-1fbf8ad95bd4	5eef4dda-7ee6-4911-84d2-1dcbcd1ae068	4dd0bd65-3a1f-4567-8dfd-e3318bf60c8c	60	3	2024-10-04 16:19:23.328	2024-10-04 16:19:23.328
d3f95ad7-4ae6-4acd-99cc-37c590bd00da	b5569827-070f-4c4c-b6bf-1fbf8ad95bd4	3b50f961-037f-48dd-92f3-92c63852b42d	4dd0bd65-3a1f-4567-8dfd-e3318bf60c8c	60	3	2024-10-04 16:19:23.328	2024-10-04 16:19:23.328
d75456b5-76c3-4dbd-9eff-3ff7a73642a4	b5569827-070f-4c4c-b6bf-1fbf8ad95bd4	b8157cab-5dad-409b-82e1-51ee67ba4ee9	079b6a6f-a1b4-4ccf-b36d-beb68c9830ce	60	3	2024-10-04 16:19:23.328	2024-10-04 16:19:23.328
1ce4defa-45fd-4f56-bb5b-d7d39588f168	b5569827-070f-4c4c-b6bf-1fbf8ad95bd4	7a015617-8763-4794-8665-e5a79cfb3de5	079b6a6f-a1b4-4ccf-b36d-beb68c9830ce	60	3	2024-10-04 16:19:23.328	2024-10-04 16:19:23.328
936ddd56-2a0d-4a2e-a0bc-0d512faa0ac9	b5569827-070f-4c4c-b6bf-1fbf8ad95bd4	b166a178-cd80-4b64-870e-0165c624ce1c	079b6a6f-a1b4-4ccf-b36d-beb68c9830ce	60	3	2024-10-04 16:19:23.328	2024-10-04 16:19:23.328
96ce9fe3-4c25-4587-aa5c-3829b762b5c9	b5569827-070f-4c4c-b6bf-1fbf8ad95bd4	5eef4dda-7ee6-4911-84d2-1dcbcd1ae068	079b6a6f-a1b4-4ccf-b36d-beb68c9830ce	60	3	2024-10-04 16:19:23.328	2024-10-04 16:19:23.328
05d4da7f-d770-48a0-8721-56a08475f822	b5569827-070f-4c4c-b6bf-1fbf8ad95bd4	3b50f961-037f-48dd-92f3-92c63852b42d	079b6a6f-a1b4-4ccf-b36d-beb68c9830ce	60	3	2024-10-04 16:19:23.328	2024-10-04 16:19:23.328
dbbd65d6-acad-4eb6-a9c6-bdd96b697810	b5569827-070f-4c4c-b6bf-1fbf8ad95bd4	b8157cab-5dad-409b-82e1-51ee67ba4ee9	cf725cb7-085d-4636-adb4-a687d3a9a576	60	3	2024-10-04 16:19:23.328	2024-10-04 16:19:23.328
2d068968-2796-47ab-bcb8-fa65550edac8	b5569827-070f-4c4c-b6bf-1fbf8ad95bd4	7a015617-8763-4794-8665-e5a79cfb3de5	cf725cb7-085d-4636-adb4-a687d3a9a576	60	3	2024-10-04 16:19:23.328	2024-10-04 16:19:23.328
1fe349b0-4ab2-4258-aa60-e7c66a5f7a09	b5569827-070f-4c4c-b6bf-1fbf8ad95bd4	b166a178-cd80-4b64-870e-0165c624ce1c	cf725cb7-085d-4636-adb4-a687d3a9a576	60	3	2024-10-04 16:19:23.328	2024-10-04 16:19:23.328
274cca98-7621-482d-9cef-6cf49dd7f6c3	b5569827-070f-4c4c-b6bf-1fbf8ad95bd4	5eef4dda-7ee6-4911-84d2-1dcbcd1ae068	cf725cb7-085d-4636-adb4-a687d3a9a576	60	3	2024-10-04 16:19:23.328	2024-10-04 16:19:23.328
feabc16d-dec3-41cf-9e9d-1df6afba1b3c	b5569827-070f-4c4c-b6bf-1fbf8ad95bd4	3b50f961-037f-48dd-92f3-92c63852b42d	cf725cb7-085d-4636-adb4-a687d3a9a576	60	3	2024-10-04 16:19:23.328	2024-10-04 16:19:23.328
2d7faef7-6a45-4e17-80b3-9ea1a5b43cbb	b5569827-070f-4c4c-b6bf-1fbf8ad95bd4	b8157cab-5dad-409b-82e1-51ee67ba4ee9	ec5b5d4b-40b9-4489-a800-5e31bf329b69	60	3	2024-10-04 16:19:23.328	2024-10-04 16:19:23.328
91f8d063-f949-418d-ab17-fe8c2834e005	b5569827-070f-4c4c-b6bf-1fbf8ad95bd4	7a015617-8763-4794-8665-e5a79cfb3de5	ec5b5d4b-40b9-4489-a800-5e31bf329b69	60	3	2024-10-04 16:19:23.328	2024-10-04 16:19:23.328
752809db-6e2b-4d4f-bd30-69de3eab9f1b	b5569827-070f-4c4c-b6bf-1fbf8ad95bd4	b166a178-cd80-4b64-870e-0165c624ce1c	ec5b5d4b-40b9-4489-a800-5e31bf329b69	60	3	2024-10-04 16:19:23.328	2024-10-04 16:19:23.328
fdf5b070-e46a-4c58-a910-76f5545ba4cb	b5569827-070f-4c4c-b6bf-1fbf8ad95bd4	5eef4dda-7ee6-4911-84d2-1dcbcd1ae068	ec5b5d4b-40b9-4489-a800-5e31bf329b69	60	3	2024-10-04 16:19:23.328	2024-10-04 16:19:23.328
7d3c83a5-6c19-436d-b2da-22e8e737f70d	b5569827-070f-4c4c-b6bf-1fbf8ad95bd4	3b50f961-037f-48dd-92f3-92c63852b42d	ec5b5d4b-40b9-4489-a800-5e31bf329b69	60	3	2024-10-04 16:19:23.328	2024-10-04 16:19:23.328
731ca9cf-9748-4929-867e-17ef08991b5f	b5569827-070f-4c4c-b6bf-1fbf8ad95bd4	b8157cab-5dad-409b-82e1-51ee67ba4ee9	bff4e367-6faf-4e06-be02-ab9b60d7fb59	60	3	2024-10-04 16:19:23.328	2024-10-04 16:19:23.328
b4ed5d89-5f1a-4c54-b725-7962338b55de	b5569827-070f-4c4c-b6bf-1fbf8ad95bd4	7a015617-8763-4794-8665-e5a79cfb3de5	bff4e367-6faf-4e06-be02-ab9b60d7fb59	60	3	2024-10-04 16:19:23.328	2024-10-04 16:19:23.328
7fde427f-ffec-4a28-971c-a252e4ec9811	b5569827-070f-4c4c-b6bf-1fbf8ad95bd4	b166a178-cd80-4b64-870e-0165c624ce1c	bff4e367-6faf-4e06-be02-ab9b60d7fb59	60	3	2024-10-04 16:19:23.328	2024-10-04 16:19:23.328
0cbe2d32-e4f1-4177-ba17-54c482afdb82	b5569827-070f-4c4c-b6bf-1fbf8ad95bd4	5eef4dda-7ee6-4911-84d2-1dcbcd1ae068	bff4e367-6faf-4e06-be02-ab9b60d7fb59	60	3	2024-10-04 16:19:23.328	2024-10-04 16:19:23.328
92338270-fa94-469e-9068-cf34899ea3d2	b5569827-070f-4c4c-b6bf-1fbf8ad95bd4	3b50f961-037f-48dd-92f3-92c63852b42d	bff4e367-6faf-4e06-be02-ab9b60d7fb59	60	3	2024-10-04 16:19:23.328	2024-10-04 16:19:23.328
e018c072-a32a-4302-81e7-6f7e14f2a322	b5569827-070f-4c4c-b6bf-1fbf8ad95bd4	b8157cab-5dad-409b-82e1-51ee67ba4ee9	1282e0d3-bfae-4822-b4bd-0ac0077a40c3	60	3	2024-10-04 16:19:23.328	2024-10-04 16:19:23.328
94025169-121f-409e-8da2-73a7be3acd2e	b5569827-070f-4c4c-b6bf-1fbf8ad95bd4	7a015617-8763-4794-8665-e5a79cfb3de5	1282e0d3-bfae-4822-b4bd-0ac0077a40c3	60	3	2024-10-04 16:19:23.328	2024-10-04 16:19:23.328
b4c35b06-8790-4207-ac94-8e23b30ebeaf	b5569827-070f-4c4c-b6bf-1fbf8ad95bd4	b166a178-cd80-4b64-870e-0165c624ce1c	1282e0d3-bfae-4822-b4bd-0ac0077a40c3	60	3	2024-10-04 16:19:23.328	2024-10-04 16:19:23.328
0422fac4-d3c9-4840-a8f3-0137ac29b389	b5569827-070f-4c4c-b6bf-1fbf8ad95bd4	5eef4dda-7ee6-4911-84d2-1dcbcd1ae068	1282e0d3-bfae-4822-b4bd-0ac0077a40c3	60	3	2024-10-04 16:19:23.328	2024-10-04 16:19:23.328
11ac4cbf-c788-4b54-916a-1502e21b3af0	b5569827-070f-4c4c-b6bf-1fbf8ad95bd4	3b50f961-037f-48dd-92f3-92c63852b42d	1282e0d3-bfae-4822-b4bd-0ac0077a40c3	60	3	2024-10-04 16:19:23.328	2024-10-04 16:19:23.328
\.


--
-- Data for Name: train_history_exercise-series; Type: TABLE DATA; Schema: public; Owner: admin
--

COPY public."train_history_exercise-series" (id, train_history_exercise_id, user_id, exercise_serie_id, exercise_type, created_at, updated_at) FROM stdin;
55a3358c-9c17-4635-ad79-7d7af3457a43	cac65aac-bbce-4ba1-8b00-02e3362b4ed9	8a8791db-dabe-4153-ad76-aaf221d45fa0	cd72e93d-dc26-40fa-ad71-029fa16cf184	Muscle	2024-10-04 16:19:23.421	2024-10-04 16:19:23.421
7dc5e423-4766-4d94-9f46-b2941b9de947	cac65aac-bbce-4ba1-8b00-02e3362b4ed9	8a8791db-dabe-4153-ad76-aaf221d45fa0	b4ae156c-d0c3-4e5b-8ba2-42a467e74b78	Muscle	2024-10-04 16:19:23.421	2024-10-04 16:19:23.421
2ba58e39-50a5-4a23-84c7-f6e06e1bb5b2	cac65aac-bbce-4ba1-8b00-02e3362b4ed9	8a8791db-dabe-4153-ad76-aaf221d45fa0	790ff014-5b64-447a-be47-f703d271c8c1	Muscle	2024-10-04 16:19:23.421	2024-10-04 16:19:23.421
8bfc7282-4ff2-4c24-8b87-aa9ace762d48	e3c0ed61-4dad-4442-920f-168c91eb0bf4	8a8791db-dabe-4153-ad76-aaf221d45fa0	cd72e93d-dc26-40fa-ad71-029fa16cf184	Muscle	2024-10-04 16:19:23.421	2024-10-04 16:19:23.421
76de5ea0-a70e-470c-8808-fc7324601c7b	e3c0ed61-4dad-4442-920f-168c91eb0bf4	8a8791db-dabe-4153-ad76-aaf221d45fa0	b4ae156c-d0c3-4e5b-8ba2-42a467e74b78	Muscle	2024-10-04 16:19:23.421	2024-10-04 16:19:23.421
598b281a-3bf6-40e6-a6c6-6791f3d55ea6	e3c0ed61-4dad-4442-920f-168c91eb0bf4	8a8791db-dabe-4153-ad76-aaf221d45fa0	790ff014-5b64-447a-be47-f703d271c8c1	Muscle	2024-10-04 16:19:23.421	2024-10-04 16:19:23.421
6965a694-38bf-445f-8aeb-56f82cec72fe	34fac7db-6668-48fe-9676-548075ce5e76	8a8791db-dabe-4153-ad76-aaf221d45fa0	cd72e93d-dc26-40fa-ad71-029fa16cf184	Muscle	2024-10-04 16:19:23.421	2024-10-04 16:19:23.421
3996f8d0-6f2f-4464-93a5-0d4af92c55e5	34fac7db-6668-48fe-9676-548075ce5e76	8a8791db-dabe-4153-ad76-aaf221d45fa0	b4ae156c-d0c3-4e5b-8ba2-42a467e74b78	Muscle	2024-10-04 16:19:23.421	2024-10-04 16:19:23.421
66c4fcce-072f-46dd-96d3-0e00397391a8	34fac7db-6668-48fe-9676-548075ce5e76	8a8791db-dabe-4153-ad76-aaf221d45fa0	790ff014-5b64-447a-be47-f703d271c8c1	Muscle	2024-10-04 16:19:23.421	2024-10-04 16:19:23.421
d7ea7727-65c3-4796-adce-9fc98724238f	cac65aac-bbce-4ba1-8b00-02e3362b4ed9	b2a1fa12-2d08-4c42-8b22-bb1417ba7384	cd72e93d-dc26-40fa-ad71-029fa16cf184	Muscle	2024-10-04 16:19:23.421	2024-10-04 16:19:23.421
1cee7eda-34a4-4741-b298-c749bb9a5d30	cac65aac-bbce-4ba1-8b00-02e3362b4ed9	b2a1fa12-2d08-4c42-8b22-bb1417ba7384	b4ae156c-d0c3-4e5b-8ba2-42a467e74b78	Muscle	2024-10-04 16:19:23.421	2024-10-04 16:19:23.421
78964df7-8776-4ee7-97bd-91c92f028e24	cac65aac-bbce-4ba1-8b00-02e3362b4ed9	b2a1fa12-2d08-4c42-8b22-bb1417ba7384	790ff014-5b64-447a-be47-f703d271c8c1	Muscle	2024-10-04 16:19:23.421	2024-10-04 16:19:23.421
f7be9064-55d8-425c-afb1-a83917229aa0	e3c0ed61-4dad-4442-920f-168c91eb0bf4	b2a1fa12-2d08-4c42-8b22-bb1417ba7384	cd72e93d-dc26-40fa-ad71-029fa16cf184	Muscle	2024-10-04 16:19:23.421	2024-10-04 16:19:23.421
c3b49862-00fd-4560-884d-f509cd009dad	e3c0ed61-4dad-4442-920f-168c91eb0bf4	b2a1fa12-2d08-4c42-8b22-bb1417ba7384	b4ae156c-d0c3-4e5b-8ba2-42a467e74b78	Muscle	2024-10-04 16:19:23.421	2024-10-04 16:19:23.421
b1628b87-f30a-4706-a775-8d12e95168cc	e3c0ed61-4dad-4442-920f-168c91eb0bf4	b2a1fa12-2d08-4c42-8b22-bb1417ba7384	790ff014-5b64-447a-be47-f703d271c8c1	Muscle	2024-10-04 16:19:23.421	2024-10-04 16:19:23.421
59d20819-b21c-4a64-b6e4-474589a80edb	34fac7db-6668-48fe-9676-548075ce5e76	b2a1fa12-2d08-4c42-8b22-bb1417ba7384	cd72e93d-dc26-40fa-ad71-029fa16cf184	Muscle	2024-10-04 16:19:23.421	2024-10-04 16:19:23.421
d48d2445-ecc4-45c2-95bf-8d3a8c1a4715	34fac7db-6668-48fe-9676-548075ce5e76	b2a1fa12-2d08-4c42-8b22-bb1417ba7384	b4ae156c-d0c3-4e5b-8ba2-42a467e74b78	Muscle	2024-10-04 16:19:23.421	2024-10-04 16:19:23.421
48f0473f-c6b0-4a0d-acca-2a729efae0f2	34fac7db-6668-48fe-9676-548075ce5e76	b2a1fa12-2d08-4c42-8b22-bb1417ba7384	790ff014-5b64-447a-be47-f703d271c8c1	Muscle	2024-10-04 16:19:23.421	2024-10-04 16:19:23.421
b4037cee-f534-4bc2-b166-87681de4129d	cac65aac-bbce-4ba1-8b00-02e3362b4ed9	bd5487a1-88d1-4fcc-92c2-b1517e109ee2	cd72e93d-dc26-40fa-ad71-029fa16cf184	Muscle	2024-10-04 16:19:23.421	2024-10-04 16:19:23.421
77336b7f-6577-48e6-99ed-bc86b552491d	cac65aac-bbce-4ba1-8b00-02e3362b4ed9	bd5487a1-88d1-4fcc-92c2-b1517e109ee2	b4ae156c-d0c3-4e5b-8ba2-42a467e74b78	Muscle	2024-10-04 16:19:23.421	2024-10-04 16:19:23.421
5ab181da-1be6-4fba-ac8f-32a947904cb6	cac65aac-bbce-4ba1-8b00-02e3362b4ed9	bd5487a1-88d1-4fcc-92c2-b1517e109ee2	790ff014-5b64-447a-be47-f703d271c8c1	Muscle	2024-10-04 16:19:23.421	2024-10-04 16:19:23.421
d9ef046d-ebd7-4708-9446-a5f8715daa19	e3c0ed61-4dad-4442-920f-168c91eb0bf4	bd5487a1-88d1-4fcc-92c2-b1517e109ee2	cd72e93d-dc26-40fa-ad71-029fa16cf184	Muscle	2024-10-04 16:19:23.421	2024-10-04 16:19:23.421
f7162845-969d-4ec3-bc43-ea73c65869bb	e3c0ed61-4dad-4442-920f-168c91eb0bf4	bd5487a1-88d1-4fcc-92c2-b1517e109ee2	b4ae156c-d0c3-4e5b-8ba2-42a467e74b78	Muscle	2024-10-04 16:19:23.421	2024-10-04 16:19:23.421
fc91a0ef-5116-4254-b613-ff806ba41d44	e3c0ed61-4dad-4442-920f-168c91eb0bf4	bd5487a1-88d1-4fcc-92c2-b1517e109ee2	790ff014-5b64-447a-be47-f703d271c8c1	Muscle	2024-10-04 16:19:23.421	2024-10-04 16:19:23.421
a8260489-61fe-4579-9cbd-b0c3beb5638e	34fac7db-6668-48fe-9676-548075ce5e76	bd5487a1-88d1-4fcc-92c2-b1517e109ee2	cd72e93d-dc26-40fa-ad71-029fa16cf184	Muscle	2024-10-04 16:19:23.421	2024-10-04 16:19:23.421
5d98f2e0-6c01-4276-8789-1b0af02d371d	34fac7db-6668-48fe-9676-548075ce5e76	bd5487a1-88d1-4fcc-92c2-b1517e109ee2	b4ae156c-d0c3-4e5b-8ba2-42a467e74b78	Muscle	2024-10-04 16:19:23.421	2024-10-04 16:19:23.421
52b09abf-7068-43d1-8ce8-161d72c76a1c	34fac7db-6668-48fe-9676-548075ce5e76	bd5487a1-88d1-4fcc-92c2-b1517e109ee2	790ff014-5b64-447a-be47-f703d271c8c1	Muscle	2024-10-04 16:19:23.421	2024-10-04 16:19:23.421
60595f7a-dee3-4ad5-85c0-1366e0f6c4e6	cac65aac-bbce-4ba1-8b00-02e3362b4ed9	28ec41fc-442a-4488-8665-d34c27411f03	cd72e93d-dc26-40fa-ad71-029fa16cf184	Muscle	2024-10-04 16:19:23.421	2024-10-04 16:19:23.421
855a2cfb-a9a1-40ff-9c11-bd30e404e0d3	cac65aac-bbce-4ba1-8b00-02e3362b4ed9	28ec41fc-442a-4488-8665-d34c27411f03	b4ae156c-d0c3-4e5b-8ba2-42a467e74b78	Muscle	2024-10-04 16:19:23.421	2024-10-04 16:19:23.421
c569686b-0b3f-4725-be40-860689376da8	cac65aac-bbce-4ba1-8b00-02e3362b4ed9	28ec41fc-442a-4488-8665-d34c27411f03	790ff014-5b64-447a-be47-f703d271c8c1	Muscle	2024-10-04 16:19:23.421	2024-10-04 16:19:23.421
79a054c4-36c8-453b-9013-f9c6fb4ca31e	e3c0ed61-4dad-4442-920f-168c91eb0bf4	28ec41fc-442a-4488-8665-d34c27411f03	cd72e93d-dc26-40fa-ad71-029fa16cf184	Muscle	2024-10-04 16:19:23.421	2024-10-04 16:19:23.421
0d3ebe22-030a-4298-ae83-9d7f8242b0a1	e3c0ed61-4dad-4442-920f-168c91eb0bf4	28ec41fc-442a-4488-8665-d34c27411f03	b4ae156c-d0c3-4e5b-8ba2-42a467e74b78	Muscle	2024-10-04 16:19:23.421	2024-10-04 16:19:23.421
862813cf-12ff-4f49-ac2b-882ff60d62f9	e3c0ed61-4dad-4442-920f-168c91eb0bf4	28ec41fc-442a-4488-8665-d34c27411f03	790ff014-5b64-447a-be47-f703d271c8c1	Muscle	2024-10-04 16:19:23.421	2024-10-04 16:19:23.421
b084dbf5-35ba-4cb2-a0ae-9f8e25409cdd	34fac7db-6668-48fe-9676-548075ce5e76	28ec41fc-442a-4488-8665-d34c27411f03	cd72e93d-dc26-40fa-ad71-029fa16cf184	Muscle	2024-10-04 16:19:23.421	2024-10-04 16:19:23.421
55ffa819-b154-4d27-ad12-026179961766	34fac7db-6668-48fe-9676-548075ce5e76	28ec41fc-442a-4488-8665-d34c27411f03	b4ae156c-d0c3-4e5b-8ba2-42a467e74b78	Muscle	2024-10-04 16:19:23.421	2024-10-04 16:19:23.421
1f42619d-b75d-43a1-a57d-3817223d12a4	34fac7db-6668-48fe-9676-548075ce5e76	28ec41fc-442a-4488-8665-d34c27411f03	790ff014-5b64-447a-be47-f703d271c8c1	Muscle	2024-10-04 16:19:23.421	2024-10-04 16:19:23.421
d530e9eb-6d45-4f7d-9f77-9603debb1471	cac65aac-bbce-4ba1-8b00-02e3362b4ed9	b5569827-070f-4c4c-b6bf-1fbf8ad95bd4	cd72e93d-dc26-40fa-ad71-029fa16cf184	Muscle	2024-10-04 16:19:23.421	2024-10-04 16:19:23.421
38657ade-bc76-44c5-95c5-f7ab4e2ce970	cac65aac-bbce-4ba1-8b00-02e3362b4ed9	b5569827-070f-4c4c-b6bf-1fbf8ad95bd4	b4ae156c-d0c3-4e5b-8ba2-42a467e74b78	Muscle	2024-10-04 16:19:23.421	2024-10-04 16:19:23.421
b7b06ce9-89bf-4d2f-a825-cd804d65ef6e	cac65aac-bbce-4ba1-8b00-02e3362b4ed9	b5569827-070f-4c4c-b6bf-1fbf8ad95bd4	790ff014-5b64-447a-be47-f703d271c8c1	Muscle	2024-10-04 16:19:23.421	2024-10-04 16:19:23.421
64fe685e-49f0-4c1a-b453-e967afe4dfed	e3c0ed61-4dad-4442-920f-168c91eb0bf4	b5569827-070f-4c4c-b6bf-1fbf8ad95bd4	cd72e93d-dc26-40fa-ad71-029fa16cf184	Muscle	2024-10-04 16:19:23.421	2024-10-04 16:19:23.421
368fef74-e4e8-41a2-b63f-392096bf50b9	e3c0ed61-4dad-4442-920f-168c91eb0bf4	b5569827-070f-4c4c-b6bf-1fbf8ad95bd4	b4ae156c-d0c3-4e5b-8ba2-42a467e74b78	Muscle	2024-10-04 16:19:23.421	2024-10-04 16:19:23.421
d4c65dba-6a3d-402d-bcb1-474a7301f327	e3c0ed61-4dad-4442-920f-168c91eb0bf4	b5569827-070f-4c4c-b6bf-1fbf8ad95bd4	790ff014-5b64-447a-be47-f703d271c8c1	Muscle	2024-10-04 16:19:23.421	2024-10-04 16:19:23.421
fc37d82f-e07b-4d34-9d8d-5f12397fd595	34fac7db-6668-48fe-9676-548075ce5e76	b5569827-070f-4c4c-b6bf-1fbf8ad95bd4	cd72e93d-dc26-40fa-ad71-029fa16cf184	Muscle	2024-10-04 16:19:23.421	2024-10-04 16:19:23.421
0b0fcc81-4332-4b0d-accc-fd56df48720b	34fac7db-6668-48fe-9676-548075ce5e76	b5569827-070f-4c4c-b6bf-1fbf8ad95bd4	b4ae156c-d0c3-4e5b-8ba2-42a467e74b78	Muscle	2024-10-04 16:19:23.421	2024-10-04 16:19:23.421
53d4533a-03ce-4994-b40a-184dfcf29f97	34fac7db-6668-48fe-9676-548075ce5e76	b5569827-070f-4c4c-b6bf-1fbf8ad95bd4	790ff014-5b64-447a-be47-f703d271c8c1	Muscle	2024-10-04 16:19:23.421	2024-10-04 16:19:23.421
\.


--
-- Name: Exercise Exercise_pkey; Type: CONSTRAINT; Schema: public; Owner: admin
--

ALTER TABLE ONLY public."Exercise"
    ADD CONSTRAINT "Exercise_pkey" PRIMARY KEY (id);


--
-- Name: Image Image_pkey; Type: CONSTRAINT; Schema: public; Owner: admin
--

ALTER TABLE ONLY public."Image"
    ADD CONSTRAINT "Image_pkey" PRIMARY KEY (id);


--
-- Name: Train Train_pkey; Type: CONSTRAINT; Schema: public; Owner: admin
--

ALTER TABLE ONLY public."Train"
    ADD CONSTRAINT "Train_pkey" PRIMARY KEY (id);


--
-- Name: User User_pkey; Type: CONSTRAINT; Schema: public; Owner: admin
--

ALTER TABLE ONLY public."User"
    ADD CONSTRAINT "User_pkey" PRIMARY KEY (id);


--
-- Name: _prisma_migrations _prisma_migrations_pkey; Type: CONSTRAINT; Schema: public; Owner: admin
--

ALTER TABLE ONLY public._prisma_migrations
    ADD CONSTRAINT _prisma_migrations_pkey PRIMARY KEY (id);


--
-- Name: cardio_series cardio_series_pkey; Type: CONSTRAINT; Schema: public; Owner: admin
--

ALTER TABLE ONLY public.cardio_series
    ADD CONSTRAINT cardio_series_pkey PRIMARY KEY (id);


--
-- Name: muscle_series muscle_series_pkey; Type: CONSTRAINT; Schema: public; Owner: admin
--

ALTER TABLE ONLY public.muscle_series
    ADD CONSTRAINT muscle_series_pkey PRIMARY KEY (id);


--
-- Name: train_histories train_histories_pkey; Type: CONSTRAINT; Schema: public; Owner: admin
--

ALTER TABLE ONLY public.train_histories
    ADD CONSTRAINT train_histories_pkey PRIMARY KEY (id);


--
-- Name: train_history_exercise-series train_history_exercise-series_pkey; Type: CONSTRAINT; Schema: public; Owner: admin
--

ALTER TABLE ONLY public."train_history_exercise-series"
    ADD CONSTRAINT "train_history_exercise-series_pkey" PRIMARY KEY (id);


--
-- Name: train_history_exercise train_history_exercise_pkey; Type: CONSTRAINT; Schema: public; Owner: admin
--

ALTER TABLE ONLY public.train_history_exercise
    ADD CONSTRAINT train_history_exercise_pkey PRIMARY KEY (id);


--
-- Name: Image_asset_id_key; Type: INDEX; Schema: public; Owner: admin
--

CREATE UNIQUE INDEX "Image_asset_id_key" ON public."Image" USING btree (asset_id);


--
-- Name: Image_public_id_key; Type: INDEX; Schema: public; Owner: admin
--

CREATE UNIQUE INDEX "Image_public_id_key" ON public."Image" USING btree (public_id);


--
-- Name: User_email_key; Type: INDEX; Schema: public; Owner: admin
--

CREATE UNIQUE INDEX "User_email_key" ON public."User" USING btree (email);


--
-- Name: Train Train_user_id_fkey; Type: FK CONSTRAINT; Schema: public; Owner: admin
--

ALTER TABLE ONLY public."Train"
    ADD CONSTRAINT "Train_user_id_fkey" FOREIGN KEY (user_id) REFERENCES public."User"(id) ON UPDATE CASCADE ON DELETE RESTRICT;


--
-- Name: cardio_series cardio_series_exercise_id_fkey; Type: FK CONSTRAINT; Schema: public; Owner: admin
--

ALTER TABLE ONLY public.cardio_series
    ADD CONSTRAINT cardio_series_exercise_id_fkey FOREIGN KEY (exercise_id) REFERENCES public."Exercise"(id) ON UPDATE CASCADE ON DELETE RESTRICT;


--
-- Name: cardio_series cardio_series_user_id_fkey; Type: FK CONSTRAINT; Schema: public; Owner: admin
--

ALTER TABLE ONLY public.cardio_series
    ADD CONSTRAINT cardio_series_user_id_fkey FOREIGN KEY (user_id) REFERENCES public."User"(id) ON UPDATE CASCADE ON DELETE RESTRICT;


--
-- Name: muscle_series muscle_series_exercise_id_fkey; Type: FK CONSTRAINT; Schema: public; Owner: admin
--

ALTER TABLE ONLY public.muscle_series
    ADD CONSTRAINT muscle_series_exercise_id_fkey FOREIGN KEY (exercise_id) REFERENCES public."Exercise"(id) ON UPDATE CASCADE ON DELETE RESTRICT;


--
-- Name: muscle_series muscle_series_user_id_fkey; Type: FK CONSTRAINT; Schema: public; Owner: admin
--

ALTER TABLE ONLY public.muscle_series
    ADD CONSTRAINT muscle_series_user_id_fkey FOREIGN KEY (user_id) REFERENCES public."User"(id) ON UPDATE CASCADE ON DELETE RESTRICT;


--
-- Name: train_histories train_histories_train_id_fkey; Type: FK CONSTRAINT; Schema: public; Owner: admin
--

ALTER TABLE ONLY public.train_histories
    ADD CONSTRAINT train_histories_train_id_fkey FOREIGN KEY (train_id) REFERENCES public."Train"(id) ON UPDATE CASCADE ON DELETE RESTRICT;


--
-- Name: train_histories train_histories_user_id_fkey; Type: FK CONSTRAINT; Schema: public; Owner: admin
--

ALTER TABLE ONLY public.train_histories
    ADD CONSTRAINT train_histories_user_id_fkey FOREIGN KEY (user_id) REFERENCES public."User"(id) ON UPDATE CASCADE ON DELETE RESTRICT;


--
-- Name: train_history_exercise-series train_history_exercise-series_train_history_exercise_id_fkey; Type: FK CONSTRAINT; Schema: public; Owner: admin
--

ALTER TABLE ONLY public."train_history_exercise-series"
    ADD CONSTRAINT "train_history_exercise-series_train_history_exercise_id_fkey" FOREIGN KEY (train_history_exercise_id) REFERENCES public.train_history_exercise(id) ON UPDATE CASCADE ON DELETE RESTRICT;


--
-- Name: train_history_exercise-series train_history_exercise-series_user_id_fkey; Type: FK CONSTRAINT; Schema: public; Owner: admin
--

ALTER TABLE ONLY public."train_history_exercise-series"
    ADD CONSTRAINT "train_history_exercise-series_user_id_fkey" FOREIGN KEY (user_id) REFERENCES public."User"(id) ON UPDATE CASCADE ON DELETE RESTRICT;


--
-- Name: train_history_exercise train_history_exercise_exercise_id_fkey; Type: FK CONSTRAINT; Schema: public; Owner: admin
--

ALTER TABLE ONLY public.train_history_exercise
    ADD CONSTRAINT train_history_exercise_exercise_id_fkey FOREIGN KEY (exercise_id) REFERENCES public."Exercise"(id) ON UPDATE CASCADE ON DELETE RESTRICT;


--
-- Name: train_history_exercise train_history_exercise_train_history_id_fkey; Type: FK CONSTRAINT; Schema: public; Owner: admin
--

ALTER TABLE ONLY public.train_history_exercise
    ADD CONSTRAINT train_history_exercise_train_history_id_fkey FOREIGN KEY (train_history_id) REFERENCES public.train_histories(id) ON UPDATE CASCADE ON DELETE RESTRICT;


--
-- Name: train_history_exercise train_history_exercise_user_id_fkey; Type: FK CONSTRAINT; Schema: public; Owner: admin
--

ALTER TABLE ONLY public.train_history_exercise
    ADD CONSTRAINT train_history_exercise_user_id_fkey FOREIGN KEY (user_id) REFERENCES public."User"(id) ON UPDATE CASCADE ON DELETE RESTRICT;


--
-- Name: SCHEMA public; Type: ACL; Schema: -; Owner: admin
--

REVOKE USAGE ON SCHEMA public FROM PUBLIC;


--
-- PostgreSQL database dump complete
--

